parent,mutations,n_mut,pred_log10,pred_linear,ratio_to_parent_WT,min_hamming_to_seeds
avGFP,S65T:S72A:N105Y:S147N:I171S:L178V,6,3.7102093642969476,5131.086833546193,1.266565082438364,4
avGFP,S65T:S72A:K79R:I171S:L178V,5,3.6737820289004173,4718.261736837334,1.1646627234240425,3
avGFP,S65T:S72A:N105Y:Y145L:L178V,5,3.61927440422012,4161.734821035193,1.0272887943017104,3
avGFP,S30C:S65T:S72A:V93F:S147N,5,3.595982996852266,3944.418589030316,0.9736461333541419,3
avGFP,S65T:S72A:K79R:S147N:N149H:L178V,6,3.5778969785365056,3783.528228465927,0.9339317181819982,4
avGFP,S65T:S72A:F99C:S147N:I171S,5,3.57553548211,3763.0109502869536,0.9288672028129994,3
avGFP,S65T:S72A:V93F:S147N:L178V:A206V,6,3.5725514702105943,3737.244145345533,0.9225068864738879,4
avGFP,S65T:S72A:K79R:N105Y:I167V,5,3.5650640201584873,3673.3644625686075,0.9067387308555632,3
avGFP,L64M:S65T:S72A:R73L:K79R:I171S,6,3.529567623271905,3385.0697612155172,0.8355756392862352,4
avGFP,S65T:S72A:K79R:S147N:I167V:I171S,6,3.482893132612415,3040.136843342875,0.7504318863672982,4
avGFP,S65T:Q69H:S72A:Y145L:I167V:I171S,6,3.4756588247645204,2989.9148814468467,0.7380350228230697,4
avGFP,S65T:S72A:R73L:Q80R:S147N:L178V,6,3.4746087661909435,2982.6944505621254,0.7362527209569314,4
avGFP,S65T:S72A:Q80R:N105Y:S202T,5,3.466409546939071,2926.9112029056796,0.7224831013892506,3
avGFP,S65T:Q69H:S72A:K79R:H231Y,5,3.45829828400599,2872.752981172975,0.7091146056301971,3
avGFP,S65T:S72A:V163A:I167V:I171S,5,3.4418133344377537,2765.752632523641,0.6827024809080132,3
avGFP,L64M:S65T:S72A:R73L:Q80R,5,3.441485465493571,2763.665426203623,0.6821872718050419,3
avGFP,S65T:S72A:N149H:L178V:H231Y,5,3.428561622517428,2682.6352226407876,0.6621856562048961,3
avGFP,S65T:Q69H:S72A:Y145L:S147N:L178V,6,3.4227290078704637,2646.848036528674,0.6533518941192523,4
avGFP,S30C:S65T:S72A:R73L:Q80R:I171S,6,3.4092425576687733,2565.916725704736,0.6333746893494155,4
avGFP,S30C:S65T:S72A:K79R:V93F:A206V,6,3.402006978170283,2523.5213196685827,0.6229097444589629,4
