Seq_ID,parent,mutation,position_with_M,position_0based,ddG_pred,status
1,avGFP,S65T,65,,,position_not_covered_in_pdb
1,avGFP,S72A,72,69.0,-0.1139371395111084,ok
2,avGFP,S65T,65,,,position_not_covered_in_pdb
2,avGFP,S72A,72,69.0,-0.1139371395111084,ok
2,avGFP,Q80R,80,77.0,0.0,wt_mismatch(model=R)
2,avGFP,N105K,105,102.0,-0.0489288568496704,ok
2,avGFP,V163A,163,160.0,1.538353443145752,ok
3,sfGFP,S72A,72,70.0,-0.096521258354187,ok
4,avGFP,F46L,46,43.0,1.5812153816223145,ok
4,avGFP,K158G,158,155.0,1.1809521913528442,ok
4,avGFP,V163A,163,160.0,1.538353443145752,ok
5,avGFP,S65T,65,,,position_not_covered_in_pdb
5,avGFP,S72A,72,69.0,-0.1139371395111084,ok
5,avGFP,N105Y,105,102.0,-0.4423732757568359,ok
5,avGFP,S147N,147,144.0,0.6328387260437012,ok
5,avGFP,I171S,171,168.0,1.2861319780349731,ok
5,avGFP,L178V,178,175.0,-0.3163850307464599,ok
6,sfGFP,K158G,158,156.0,1.0517337322235107,ok
6,sfGFP,A206K,206,204.0,0.6440243721008301,wt_mismatch(model=V)
