candidate_id,parent,mutations,pred_log10,ratio_to_parent_WT,min_hamming_to_seeds,n_mut_total,n_mut_scored_ok,n_mut_missing,n_mut_mismatch,ddG_sum_ok,ddG_mean_ok,stability_rank,brightness_rank,combo_rank
2,avGFP,S65T:S72A:K79R:L178V,3.705156296693694,1.2519138477839011,2,4,3,1,0,-0.351883053779602,-0.11729435125986733,34,2,1
7,avGFP,S65T:S72A:L178V,3.6593530362361246,1.1266037250160854,1,3,2,1,0,-0.4303221702575683,-0.21516108512878415,31,7,2
23,avGFP,S65T:S72A:V93F:L178V:A206V,3.561042958799097,0.8983821315912854,3,5,4,1,0,-0.524650514125824,-0.131162628531456,24,23,3
28,avGFP,S30C:S65T:S72A,3.5415614229009065,0.8589731119585385,1,3,2,1,0,-0.5746714472770691,-0.28733572363853455,19,28,3
21,avGFP,S65T:S72A:K79R:N105Y:I167V,3.565064020158488,0.9067387308555632,3,5,3,1,1,-0.47787129878997797,-0.15929043292999265,27,21,5
35,avGFP,S65T:S72A:A206V,3.513500702549813,0.8052279649108685,1,3,2,1,0,-0.7516722083091736,-0.3758361041545868,14,35,6
8,avGFP,S65T:S72A:N105Y:Y145L:L178V,3.61927440422012,1.0272887943017104,3,5,4,1,0,-0.09013128280639643,-0.022532820701599107,48,8,7
36,avGFP,S65T:S72A:N105Y,3.513051720482208,0.8043959347650905,1,3,2,1,0,-0.5563104152679443,-0.27815520763397217,21,36,8
58,avGFP,S65T:S72A:L178V:A206V,3.471183985132819,0.7304695750558762,2,4,3,1,0,-1.0680572390556335,-0.3560190796852112,4,58,9
64,avGFP,S65T:S72A:N105Y:L178V,3.4621142526662787,0.7153727604080489,2,4,3,1,0,-0.8726954460144043,-0.29089848200480145,10,64,10
43,avGFP,S65T:S72A:I167V:L178V,3.499801357282974,0.7802243568867973,2,4,2,1,1,-0.4303221702575683,-0.21516108512878415,31,43,10
14,avGFP,S65T:S72A:K79R:S147N:N149H:L178V,3.5778969785365056,0.9339317181819982,4,6,5,1,0,0.09844630956649786,0.01968926191329957,65,14,12
62,avGFP,S65T:S72A:Q80R:N105Y:S202T,3.466409546939071,0.7224831013892506,3,5,3,1,1,-0.580272912979126,-0.19342430432637533,18,62,13
9,avGFP,S65T:S72A:S147N:L178V,3.615701814747988,1.018872783515146,2,4,3,1,0,0.20251655578613287,0.06750551859537762,72,9,14
5,avGFP,S65T:S72A:K79R:S147N:L178V,3.666936493586843,1.1464487370372185,3,5,4,1,0,0.2809556722640992,0.0702389180660248,78,5,15
57,avGFP,S65T:S72A:K79R:N105Y,3.4740551106722664,0.7353147153457388,2,4,3,1,0,-0.47787129878997797,-0.15929043292999265,27,57,16
18,avGFP,S65T:S72A:V93F:S147N:L178V:A206V,3.5725514702105943,0.922506886473888,4,6,5,1,0,0.1081882119178772,0.02163764238357544,66,18,16
39,avGFP,S65T:S72A:I167V,3.5063024291086937,0.7919916005822742,1,3,1,1,1,-0.1139371395111084,-0.1139371395111084,46,39,18
72,avGFP,S65T:S72A:K79R:N105Y:L178V,3.4460015920797558,0.6893181895595801,3,5,4,1,0,-0.7942563295364379,-0.19856408238410947,13,72,18
80,avGFP,S65T:S72A:N149H:A206V,3.4395642355360323,0.6791760802074609,2,4,3,1,0,-0.9341815710067749,-0.3113938570022583,7,80,20
3,avGFP,S65T:S72A:K79R:N105Y:I171S:L178V,3.682246426647626,1.1875846438114726,4,6,5,1,0,0.4918756484985352,0.09837512969970705,88,3,21
32,avGFP,S30C:S65T:S72A:S147N,3.5225499686551127,0.8221822853380165,2,4,3,1,0,0.05816727876663208,0.019389092922210693,61,32,22
44,avGFP,S65T:S72A:K79R:I167V,3.4904947238708304,0.7636825558427132,2,4,2,1,1,-0.035498023033142104,-0.017749011516571052,53,44,23
6,avGFP,S65T:S72A:S147N,3.664203195527917,1.1392560462641783,1,3,2,1,0,0.5189015865325928,0.2594507932662964,92,6,24
56,avGFP,S65T:S72A:I167V:S202T,3.47412620573965,0.7354350980137309,2,4,2,1,1,-0.13789963722228998,-0.06894981861114499,43,56,25
38,avGFP,Y39N:S65T:S72A:N105Y:S147N:L178V,3.509462324949582,0.7977750898977458,4,6,5,1,0,0.07833325862884527,0.015666651725769053,63,38,26
40,avGFP,S65T:S72A:N105Y:S147N,3.503108097462291,0.7861876984357943,2,4,3,1,0,0.07652831077575684,0.025509436925252277,62,40,27
85,avGFP,S65T:S72A:N149H:L178V:H231Y,3.428561622517428,0.6621856562048961,3,5,4,1,0,-0.5537162423133851,-0.13842906057834628,23,85,28
25,avGFP,S65T:S72A:Y145L:L178V,3.554409898057098,0.8847652249704638,2,4,3,1,0,0.3522419929504395,0.1174139976501465,83,25,28
24,avGFP,S65T:S72A:N105Y:I171S:L178V,3.5577637845578525,0.8916243720796243,3,5,4,1,0,0.4134365320205689,0.10335913300514223,84,24,28
50,avGFP,S65T:S72A:F99C,3.481036620629857,0.7472308043676621,1,3,2,1,0,0.05481076240539551,0.027405381202697754,60,50,31
34,avGFP,S65T:S72A:K79R:M153I,3.5136767701817435,0.8055544791292278,2,4,3,1,0,0.2676346898078918,0.08921156326929726,76,34,31
10,avGFP,S30C:S65T:S72A:V93F:S147N,3.595982996852266,0.973646133354142,3,5,4,1,0,0.6015740036964417,0.1503935009241104,101,10,33
93,avGFP,S65T:S72A:K79R:N164T:L178V,3.422018873503317,0.6522844421190426,3,5,4,1,0,-0.5600231289863586,-0.14000578224658966,20,93,34
113,avGFP,S65T:S72A:N149H:L178V:A206V,3.398913651471628,0.6184887409645231,3,5,4,1,0,-1.2505666017532349,-0.3126416504383087,1,113,35
20,avGFP,S65T:S72A:K79R:S147N:M153I:L178V,3.565179381802825,0.9069796198592142,4,6,5,1,0,0.5840883851051331,0.1168176770210266,96,20,36
15,avGFP,S30C:S65T:S72A:I171S,3.576040883159084,0.9299487816514684,2,4,3,1,0,0.711460530757904,0.23715351025263467,105,15,37
22,avGFP,S65T:S72A:K79R:S147N,3.5619894033467365,0.9003420828716612,2,4,3,1,0,0.5973407030105591,0.19911356767018637,98,22,37
71,avGFP,S30C:S65T:S72A:V93F:S202T,3.449320778905951,0.6946066319278219,3,5,4,1,0,-0.05522722005844112,-0.01380680501461028,50,71,39
19,avGFP,S65T:S72A:N105Y:V163A:L178V,3.5665083737097327,0.9097593345272889,3,5,4,1,0,0.6656579971313477,0.16641449928283691,102,19,39
82,avGFP,S65T:S72A:N105Y:I171S:L178V:A206V,3.436740875541888,0.6747750594969741,4,6,5,1,0,-0.22429853677749628,-0.044859707355499254,39,82,39
4,avGFP,S65T:S72A:K79R:I171S:L178V,3.673782028900417,1.1646627234240423,3,5,4,1,0,0.9342489242553711,0.23356223106384277,118,4,42
107,avGFP,S65T:S72A:N149H:L178V,3.403931638327636,0.6256764156953618,2,4,3,1,0,-0.6128315329551697,-0.20427717765172324,16,107,43
70,avGFP,S65T:S72A:K79R,3.4514294196998523,0.6979873734323301,1,3,2,1,0,-0.035498023033142104,-0.017749011516571052,53,70,43
109,avGFP,S30C:S65T:S72A:K79R:V93F:A206V,3.402006978170283,0.6229097444589629,4,6,5,1,0,-0.5905606746673584,-0.11811213493347168,17,109,45
117,avGFP,S65T:S72A:N105Y:I167V:L178V,3.394667665877277,0.6124713983494262,3,5,3,1,1,-0.8726954460144043,-0.29089848200480145,10,117,46
1,avGFP,S65T:S72A:N105Y:S147N:I171S:L178V,3.710209364296948,1.266565082438364,4,6,5,1,0,1.04627525806427,0.20925505161285402,126,1,46
59,avGFP,S65T:S72A:K79R:F99C,3.4709502465602817,0.7300765399494787,2,4,3,1,0,0.13324987888336182,0.04441662629445394,69,59,48
126,avGFP,Y39N:S65T:S72A:N105Y:L178V:A206V,3.3896049968776367,0.6053731341544735,4,6,5,1,0,-1.1922405362129211,-0.23844810724258422,3,126,49
17,avGFP,S65T:S72A:I171S:L178V,3.572956925728016,0.9233685372106936,2,4,3,1,0,0.8558098077774048,0.2852699359258016,116,17,50
112,avGFP,S65T:S72A:N105Y:I167V,3.399145309795665,0.618818738906303,2,4,2,1,1,-0.5563104152679443,-0.27815520763397217,21,112,50
48,avGFP,S65T:S72A:K79R:Y145L:L178V,3.4878855643044058,0.759108249224007,3,5,4,1,0,0.4306811094284058,0.10767027735710145,85,48,50
75,avGFP,S30C:S65T:S72A:K79R:V93F,3.44448433861383,0.6869141857044925,3,5,4,1,0,0.04717439413070679,0.011793598532676697,59,75,53
100,avGFP,Y39N:S65T:S72A:Q80R:N105Y,3.41054094972374,0.6352710965693383,3,5,3,1,1,-0.238120436668396,-0.07937347888946533,37,100,54
30,avGFP,Y39N:S65T:Q69H:S72A,3.5273155730230035,0.8312539454516551,2,4,3,1,0,0.7737420797348022,0.2579140265782674,108,30,55
104,avGFP,S65T:S72A:V93F:N105Y:L178V,3.4091699469754704,0.633268802830299,3,5,4,1,0,-0.3292887210845946,-0.08232218027114865,36,104,56
114,avGFP,S30C:S65T:S72A:K79R,3.3980865465417374,0.6173119627782055,2,4,3,1,0,-0.4962323307991028,-0.16541077693303427,26,114,56
66,avGFP,S30C:S65T:S72A:Y145L,3.458782795477908,0.7099061558284564,2,4,3,1,0,0.20789271593093872,0.06929757197697957,75,66,58
97,avGFP,S65T:S72A:M153I:L178V,3.41237803216248,0.6379640094007153,2,4,3,1,0,-0.12718945741653442,-0.042396485805511475,45,97,59
95,avGFP,S65T:S72A:K79R:S202T,3.414793116073353,0.6415215690756095,2,4,3,1,0,-0.0594605207443237,-0.019820173581441235,49,95,60
42,avGFP,S65T:S72A:N105Y:I171S,3.5000132461105418,0.7806051150290925,2,4,3,1,0,0.7298215627670288,0.24327385425567627,106,42,61
73,avGFP,S65T:S72A:K79R:M153I:I167V,3.4452533988646743,0.6881316693220737,3,5,3,1,1,0.2676346898078918,0.08921156326929726,76,73,62
51,avGFP,S65T:S72A:V93F:F99C,3.479968763281976,0.7453957460226359,2,4,3,1,0,0.5982174873352051,0.19940582911173502,100,51,63
124,avGFP,S65T:S72A:L178V:S202T,3.39094693200064,0.6072465815045961,2,4,3,1,0,-0.4542846679687499,-0.15142822265624997,30,124,64
99,avGFP,S30C:S65T:S72A:V93F,3.410961594712285,0.6358866997339468,2,4,3,1,0,-0.03126472234725952,-0.010421574115753174,55,99,64
31,avGFP,S65T:S72A:R73L:K79R:L178V,3.5250489428361407,0.8269268422373441,3,5,4,1,0,0.9995123147964478,0.24987807869911194,123,31,64
120,avGFP,S65T:S72A:K79R:I167V:L178V,3.392963688719677,0.6100730428368507,3,5,3,1,1,-0.351883053779602,-0.11729435125986733,34,120,64
76,avGFP,S65T:S72A:S147N:N164T,3.4425815470565526,0.6839111648974903,2,4,3,1,0,0.3107615113258362,0.10358717044194539,79,76,68
87,avGFP,S65T:Q69H:S72A:L178V,3.4272554542277374,0.6601970825869506,2,4,3,1,0,0.139167070388794,0.046389023462931334,70,87,69
13,avGFP,S65T:S72A:Y145L:S147N,3.580386095372356,0.9392998262345534,2,4,3,1,0,1.3014657497406006,0.4338219165802002,145,13,70
52,avGFP,S65T:S72A:V93F:S147N:L178V,3.479124116614371,0.7439474564072418,3,5,4,1,0,0.7459232807159424,0.1864808201789856,107,52,71
118,avGFP,S65T:S72A:S202T,3.3932335390740147,0.6104522315911519,1,3,2,1,0,-0.13789963722228998,-0.06894981861114499,43,118,72
69,avGFP,S65T:S72A:S147N:I167V,3.4547139089863266,0.7032861350803232,2,4,2,1,1,0.5189015865325928,0.2594507932662964,92,69,72
26,avGFP,S65T:S72A:I171S,3.552435752697005,0.8807525298665401,1,3,2,1,0,1.1721948385238647,0.5860974192619324,135,26,72
121,avGFP,S65T:Q69H:S72A:A206V,3.3925766550579826,0.6095296013868263,2,4,3,1,0,-0.18218296766281128,-0.06072765588760376,42,121,75
90,avGFP,Y39N:S65T:S72A,3.422898386725916,0.6536067570830738,1,3,2,1,0,0.20425283908843989,0.10212641954421994,74,90,76
67,avGFP,S65T:Q69H:S72A:K79R:H231Y,3.45829828400599,0.7091146056301971,3,5,4,1,0,0.5931065082550048,0.1482766270637512,97,67,76
11,avGFP,S65T:S72A:S147N:I171S:L178V,3.595250279865448,0.9720048378297356,3,5,4,1,0,1.488648533821106,0.3721621334552765,153,11,76
132,avGFP,S65T:S72A:L178V:H231Y,3.3846362803802865,0.5984865943789942,2,4,3,1,0,-0.3712068796157837,-0.12373562653859456,33,132,79
137,avGFP,S65T:S72A:L178V:T203I,3.3816633580146624,0.5944037007004407,2,4,3,1,0,-0.4733134508132934,-0.1577711502710978,29,137,80
127,avGFP,S65T:S72A:K79R:N149H,3.3893895880585188,0.6050729452664108,2,4,3,1,0,-0.2180073857307434,-0.07266912857691447,40,127,81
83,avGFP,S65T:S72A:R73L:Q80R:N105Y:L178V,3.433122244104297,0.6691760525888238,4,6,4,1,1,0.47869992256164556,0.11967498064041139,87,83,82
37,avGFP,S65T:S72A:I171S:S202T,3.5124396512549847,0.8032630646970037,2,4,3,1,0,1.148232340812683,0.3827441136042277,133,37,82
60,avGFP,S65T:S72A:V163A:A206V,3.470502445179798,0.7293241454212045,2,4,3,1,0,0.7866812348365784,0.26222707827885944,110,60,82
166,avGFP,S65T:S72A:N149H:M153I:L178V:A206V,3.3514897967992625,0.5545081624550546,4,6,5,1,0,-0.9474338889122009,-0.1894867777824402,6,166,85
45,avGFP,S65T:S72A:V163A:L178V,3.4902593847617567,0.7632688372869423,2,4,3,1,0,1.1080312728881836,0.36934375762939453,130,45,86
61,avGFP,S30C:S65T:S72A:Y145L:S147N,3.4696452447048056,0.7278860418863367,3,5,4,1,0,0.8407314419746399,0.21018286049365997,115,61,87
41,avGFP,S65T:S72A:I167V:I171S,3.500665404785328,0.7817781919135021,2,4,2,1,1,1.1721948385238647,0.5860974192619324,135,41,87
152,avGFP,S65T:S72A:K79R:N105Y:S202T,3.3647114131339264,0.5716491469613076,3,5,4,1,0,-0.5018337965011596,-0.1254584491252899,25,152,89
171,avGFP,S30C:S65T:S72A:M153I:A206V,3.3467008115960315,0.548427164812494,3,5,4,1,0,-0.9092738032341003,-0.22731845080852509,8,171,90
170,avGFP,S65T:S72A:Q80R:N105Y:L178V,3.3479517491519544,0.5500091262655373,3,5,3,1,1,-0.8726954460144043,-0.29089848200480145,10,170,91
12,avGFP,S65T:S72A:S147N:I171S,3.580635189237699,0.9398387254055252,2,4,3,1,0,1.805033564567566,0.6016778548558553,168,12,91
96,avGFP,Y39N:S65T:S72A:M153I,3.4126049333696424,0.6382974067399132,2,4,3,1,0,0.5073855519294738,0.1691285173098246,89,96,93
33,avGFP,S65T:S72A:S147N:I167V:I171S:L178V,3.5155810413065214,0.8090943862808936,4,6,4,1,1,1.488648533821106,0.3721621334552765,153,33,94
16,avGFP,S65T:S72A:F99C:S147N:I171S,3.57553548211,0.9288672028129994,3,5,4,1,0,1.9737814664840698,0.49344536662101746,174,16,95
88,avGFP,S65T:S72A:Y145L:I167V,3.4246770014278893,0.6562890346089022,2,4,2,1,1,0.6686270236968994,0.3343135118484497,103,88,96
128,sfGFP,S65T:S72A:K79R:N105Y:M153I,3.388035672403188,13.028651921519977,3,5,2,1,2,0.0948666334152221,0.04743331670761105,64,128,97
27,avGFP,Y39N:S65T:S72A:N105Y:S147N:I171S,3.550941242079712,0.8777268599186715,4,6,5,1,0,1.6808502674102783,0.33617005348205564,166,27,98
192,avGFP,S30C:S65T:S72A:A206V,3.331302374681487,0.5293227026781362,2,4,3,1,0,-1.2124065160751343,-0.4041355053583781,2,192,99
182,avGFP,S65T:S72A:Q80R:A206V,3.341704582513517,0.5421540783959732,2,4,2,1,1,-0.7516722083091736,-0.3758361041545868,14,182,100
106,avGFP,S65T:S72A:Q80R:S147N,3.404206026247354,0.6260718439172852,2,4,2,1,1,0.5189015865325928,0.2594507932662964,92,106,101
86,avGFP,Y39N:S65T:S72A:S147N,3.428300605839763,0.6617877935159137,2,4,3,1,0,0.8370915651321411,0.2790305217107137,114,86,102
144,avGFP,Y39N:S65T:S72A:N149H:I167V,3.3767343367735947,0.5876956597784742,3,5,3,1,1,0.021743476390838595,0.007247825463612865,57,144,103
151,avGFP,S30C:S65T:S72A:V93F:S147N:A206V,3.36581599681991,0.5731049287494018,4,6,5,1,0,-0.036161065101623535,-0.007232213020324707,52,151,104
195,avGFP,S65T:S72A:N105Y:L178V:S202T,3.3288213120399317,0.5263073785790867,3,5,4,1,0,-0.8966579437255859,-0.22416448593139648,9,195,105
200,avGFP,S65T:S72A:N105Y:N149H:L178V,3.3230933544993624,0.5194114285397404,3,5,4,1,0,-1.0552048087120056,-0.2638012021780014,5,200,106
164,avGFP,Y39N:S65T:S72A:K79R:N149H:L178V,3.353192154923321,0.556686002689231,4,6,5,1,0,-0.216202437877655,-0.043240487575531,41,164,106
154,avGFP,Y39N:S65T:S72A:N149H,3.363019472857109,0.5694264278587992,2,4,3,1,0,0.021743476390838595,0.007247825463612865,57,154,108
55,avGFP,S65T:S72A:R73L:Q80R:S147N:L178V,3.4746087661909435,0.7362527209569314,4,6,4,1,1,1.5539119243621826,0.38847798109054565,159,55,109
47,avGFP,S65T:S72A:S147N:I167V:I171S,3.489481447248977,0.7619028425582854,3,5,3,1,1,1.805033564567566,0.6016778548558553,168,47,110
74,avGFP,S65T:S72A:F99C:I171S,3.445159675733152,0.6879831827557635,2,4,3,1,0,1.3409427404403687,0.44698091348012287,146,74,111
49,avGFP,S65T:S72A:K79R:S147N:I167V:I171S,3.482893132612415,0.7504318863672982,4,6,4,1,1,1.8834726810455322,0.47086817026138306,171,49,111
153,avGFP,S65T:Q69H:S72A:M153I:A206V,3.3637447556761333,0.5703781789639677,3,5,4,1,0,0.12094974517822266,0.030237436294555664,68,153,113
139,avGFP,S65T:S72A:N149H:I171S:A206V,3.3803414519991546,0.5925972047727925,3,5,4,1,0,0.35195040702819824,0.08798760175704956,82,139,113
150,avGFP,S65T:S72A:S147N:I167V:L178V,3.3670049015134293,0.574675984011394,3,5,3,1,1,0.20251655578613287,0.06750551859537762,72,150,115
68,avGFP,Y39N:S65T:S72A:I171S,3.456277583534342,0.7058228764023285,2,4,3,1,0,1.490384817123413,0.4967949390411377,155,68,116
185,avGFP,S65T:S72A:N149H:H231Y,3.337653966681465,0.5371209763022922,2,4,3,1,0,-0.2373312115669251,-0.0791104038556417,38,185,116
156,avGFP,S65T:S72A:V93F:L178V,3.361603617496052,0.5675730479005827,2,4,3,1,0,0.11308455467224127,0.037694851557413755,67,156,116
155,avGFP,S65T:S72A:M153I,3.362735061978349,0.5690536438153034,1,3,2,1,0,0.18919557332992548,0.09459778666496274,71,155,119
119,avGFP,Y39N:S65T:Q69H:S72A:I167V,3.392969828019246,0.6100816670487578,3,5,3,1,1,0.7737420797348022,0.2579140265782674,108,119,120
180,avGFP,Y39N:S65T:S72A:L178V,3.342301149646293,0.5428993182262271,2,4,3,1,0,-0.11213219165802002,-0.037377397219340004,47,180,120
29,avGFP,L64M:S65T:S72A:R73L:K79R:I171S,3.529567623271905,0.8355756392862352,4,6,5,1,0,3.9118822813034058,0.7823764562606812,199,29,122
108,avGFP,S65T:S72A:N149H:I171S,3.4020858415354884,0.6230228686667465,2,4,3,1,0,0.9896854758262634,0.32989515860875446,121,108,123
84,avGFP,S65T:S72A:K79R:F99C:I171S,3.4326068429492147,0.6683823755946499,3,5,4,1,0,1.419381856918335,0.35484546422958374,148,84,124
92,avGFP,S65T:S72A:K79R:I171S,3.4223778859217338,0.6528238803205122,2,4,3,1,0,1.250633955001831,0.41687798500061035,141,92,125
184,avGFP,S30C:S65T:S72A:V93F:I167V:S202T,3.3402869956341426,0.540387310487692,4,6,4,1,1,-0.05522722005844112,-0.01380680501461028,50,184,126
111,avGFP,S65T:S72A:K79R:N164T:I171S,3.3997570999094395,0.6196910824091162,3,5,4,1,0,1.0424938797950745,0.2606234699487686,125,111,127
54,avGFP,S65T:Q69H:S72A:Y145L:I167V:I171S,3.4756588247645204,0.7380350228230697,4,6,4,1,1,2.524248242378235,0.6310620605945587,185,54,128
141,avGFP,S65T:S72A:K79R:S147N:I167V,3.3788613231208733,0.5905809984834495,3,5,3,1,1,0.5973407030105591,0.19911356767018637,98,141,128
46,avGFP,S65T:S72A:S147N:V163A:I171S:L178V,3.4896816523238314,0.7622541525249107,4,6,5,1,0,3.027001976966858,0.6054003953933715,194,46,130
65,avGFP,S65T:S72A:K79R:F99C:S147N:I171S,3.459797824139611,0.7115672817283993,4,6,5,1,0,2.052220582962036,0.4104441165924072,177,65,131
63,avGFP,S65T:S72A:F99C:Y145L:I171S,3.463264219673579,0.717269503796641,3,5,4,1,0,2.1235069036483765,0.5308767259120941,180,63,132
102,avGFP,L64M:S65T:S72A:K79R:I167V,3.4093426894989176,0.6335207383582124,3,5,3,1,1,1.2743549346923828,0.42478497823079425,143,102,133
165,avGFP,Y39N:S65T:S72A:N105Y:S147N:T203I,3.352277525090813,0.5555148483866323,4,6,5,1,0,0.3517270088195801,0.07034540176391602,81,165,134
105,avGFP,S30C:S65T:S72A:V93F:I171S,3.405173103847764,0.6274675205724362,3,5,4,1,0,1.2548672556877136,0.3137168139219284,142,105,135
116,avGFP,S65T:S72A:M153I:I171S:L178V,3.395577050432455,0.6137552174912987,3,5,4,1,0,1.1589425206184387,0.2897356301546097,134,116,136
53,avGFP,L64M:S65T:S72A:R73L:I171S,3.4787989805848487,0.7433907060658633,3,5,4,1,0,3.8334431648254395,0.9583607912063599,197,53,136
160,avGFP,S65T:Q69H:S72A:K79R:S202T,3.359283375146863,0.5645488431070609,3,5,4,1,0,0.5100287199020386,0.12750717997550964,91,160,138
91,avGFP,S65T:Q69H:S72A:Y145L:S147N:L178V,3.422729007870464,0.6533518941192523,4,6,5,1,0,1.554569959640503,0.3109139919281006,160,91,138
196,avGFP,S30C:S65T:Q69H:S72A,3.3284271898528552,0.5258299713562445,2,4,3,1,0,-0.005182206630706787,-0.0017274022102355957,56,196,140
131,avGFP,S65T:S72A:N149H:I167V:I171S,3.3852064834634814,0.59927288810386,3,5,3,1,1,0.9896854758262634,0.32989515860875446,121,131,140
78,avGFP,F46Y:S65T:S72A:Y145L:L178V,3.441752944429916,0.6826075555899305,3,5,4,1,0,2.0603790283203125,0.5150947570800781,178,78,142
138,avGFP,S65T:S72A:N164T:I171S,3.380790597356542,0.5932103830971435,2,4,3,1,0,0.9640547633171082,0.3213515877723694,119,138,143
101,avGFP,S65T:S72A:K79R:V163A:I167V,3.409683939743023,0.6340187277962638,3,5,3,1,1,1.5028554201126099,0.5009518067042033,158,101,144
122,avGFP,L64M:S65T:S72A,3.392573043178754,0.6095245321578965,1,3,2,1,0,1.1959158182144165,0.5979579091072083,138,122,145
89,avGFP,S65T:S72A:Y145L:I171S,3.424063106329536,0.6553619954251626,2,4,3,1,0,1.9547590017318726,0.6515863339106241,173,89,146
98,avGFP,S65T:S72A:S147N:N164T:I171S,3.4115005527903213,0.6366763229751528,3,5,4,1,0,1.5968934893608093,0.39922337234020233,165,98,147
168,avGFP,S65T:S72A:I171S:A206V,3.350544597305169,0.5533026419589451,2,4,3,1,0,0.5344597697257996,0.1781532565752665,95,168,147
79,avGFP,L64M:S65T:S72A:R73L:Q80R,3.441485465493571,0.6821872718050419,3,5,3,1,1,2.5473111867904663,0.8491037289301554,187,79,149
77,avGFP,S65T:S72A:V163A:I167V:I171S,3.4418133344377537,0.6827024809080132,3,5,3,1,1,2.7105482816696167,0.9035160938898722,189,77,149
181,avGFP,S65T:Q69H:S72A,3.342273885430089,0.5428652370660855,1,3,2,1,0,0.4555521011352539,0.22777605056762695,86,181,151
140,avGFP,S65T:S72A:V163A:I167V:L178V,3.3791373044866733,0.5909564146027206,3,5,3,1,1,1.1080312728881836,0.36934375762939453,130,140,152
133,avGFP,S65T:S72A:V93F:F99C:S147N,3.382739178369522,0.5958779637191323,3,5,4,1,0,1.2310562133789062,0.30776405334472656,140,133,153
143,avGFP,S30C:F46Y:S65T:S72A,3.377653211258686,0.5889404147878965,2,4,3,1,0,1.133465588092804,0.3778218626976013,132,143,154
94,avGFP,S65T:S72A:N105Y:V163A:I167V:I171S,3.418180129375318,0.646544283207217,4,6,4,1,1,2.2681750059127808,0.5670437514781952,181,94,154
198,avGFP,Y39N:S65T:Q69H:S72A:N105Y,3.325016041937173,0.5217160392559924,3,5,4,1,0,0.33136880397796636,0.08284220099449159,80,198,156
189,avGFP,Y39N:S65T:S72A:M153I:I167V,3.335138961742293,0.5340194908481488,3,5,3,1,1,0.5073855519294738,0.1691285173098246,89,189,156
81,avGFP,Y39N:L64M:S65T:S72A:R73L:I171S,3.4393378394238145,0.6788221204878642,4,6,5,1,0,4.151633143424988,0.8303266286849975,200,81,158
115,avGFP,S65T:Q69H:S72A:I171S,3.3970845972653416,0.6158894203135018,2,4,3,1,0,1.741684079170227,0.580561359723409,167,115,159
103,avGFP,S30C:S65T:S72A:R73L:Q80R:I171S,3.4092425576687733,0.6333746893494155,4,6,4,1,1,2.062855899333954,0.5157139748334885,179,103,159
135,avGFP,S65T:S72A:V163A,3.381997484400231,0.5948611837842633,1,3,2,1,0,1.4244163036346436,0.7122081518173218,149,135,161
173,avGFP,S65T:S72A:S147N:M153I,3.3460114504763547,0.5475573299753912,2,4,3,1,0,0.8220342993736267,0.27401143312454224,111,173,161
134,avGFP,S65T:S72A:M153I:I171S,3.382632872024377,0.5957321229154909,2,4,3,1,0,1.4753275513648987,0.49177585045496625,152,134,163
161,avGFP,S65T:S72A:K79R:N149H:I171S,3.3552806424609143,0.5593695085033824,3,5,4,1,0,1.0681245923042297,0.26703114807605743,128,161,164
162,avGFP,S65T:S72A:S147N:V163A:L178V:A206V,3.3540179407604525,0.5577455159061661,4,6,5,1,0,1.1031349301338196,0.22062698602676392,129,162,165
148,avGFP,L64M:S65T:S72A:K79R,3.370377931546714,0.5791566910718269,2,4,3,1,0,1.2743549346923828,0.42478497823079425,143,148,165
187,avGFP,S65T:S72A:F99C:S147N,3.335475770378728,0.5344337999090656,2,4,3,1,0,0.6876494884490967,0.22921649614969888,104,187,165
110,avGFP,S30C:F46Y:S65T:S72A:I171S,3.4013062041325117,0.6219054328626064,3,5,4,1,0,2.419597566127777,0.6048993915319443,183,110,168
178,avGFP,S65T:S72A:R73L:Q80R:L178V,3.342389960755462,0.5430103498485037,3,5,3,1,1,0.9210731983184814,0.30702439943949383,117,178,169
146,avGFP,S65T:S72A:M153I:I171S:S202T,3.370933790339957,0.579898435352229,3,5,4,1,0,1.451365053653717,0.36284126341342926,151,146,170
125,avGFP,L64M:S65T:S72A:Y145L:I167V,3.39027995032024,0.6063146988573628,3,5,3,1,1,1.9784799814224243,0.6594933271408081,175,125,171
130,avGFP,S65T:S72A:V93F:F99C:I171S,3.386081050061636,0.6004808981945277,3,5,4,1,0,1.8843494653701782,0.47108736634254456,172,130,172
190,avGFP,S30C:S65T:S72A:N149H:M153I:I171S,3.333949665151136,0.53255910216602,4,6,5,1,0,0.8320838809013367,0.16641677618026735,113,190,173
167,avGFP,S65T:S72A:K79R:V163A:L178V,3.351113815792337,0.5540283168053615,3,5,4,1,0,1.18647038936615,0.2966175973415375,137,167,174
177,avGFP,L64M:S65T:S72A:N105Y:M153I,3.3437321962941238,0.5446911799620524,3,5,4,1,0,1.0566752552986145,0.2641688138246536,127,177,174
157,avGFP,S65T:S72A:M153I:V163A:L178V,3.3608113016382144,0.5665385259658772,3,5,4,1,0,1.4111639857292175,0.3527909964323044,147,157,174
194,avGFP,S65T:S72A:I167V:I171S:L178V:S202T,3.3303174777241,0.5281236599752929,4,6,4,1,1,0.8318473100662231,0.2079618275165558,112,194,177
136,avGFP,Y39N:L64M:S65T:S72A:M153I,3.3818322120201025,0.5946348502173954,3,5,4,1,0,1.8172385096549988,0.4543096274137497,170,136,177
123,avGFP,S65T:Q69H:S72A:Y145L:I171S,3.392381303604043,0.6092554884919426,3,5,4,1,0,2.524248242378235,0.6310620605945587,185,123,179
174,avGFP,S65T:S72A:K79R:I167V:I171S:S202T,3.345966543628316,0.5475007144677105,4,6,4,1,1,1.2266714572906494,0.30666786432266235,139,174,180
193,avGFP,S65T:S72A:Y145L:M153I,3.331141586010399,0.5291267680197936,2,4,3,1,0,0.9717597365379333,0.3239199121793111,120,193,180
159,avGFP,S65T:Q69H:S72A:R73L:Q80R:L178V,3.359444459437123,0.5647582789181657,4,6,4,1,1,1.4905624389648438,0.37264060974121094,156,159,182
129,avGFP,F46Y:S65T:S72A:I167V:I171S,3.387697502608391,0.6027200643547055,3,5,3,1,1,2.880331873893738,0.960110624631246,192,129,183
197,avGFP,S30C:S65T:S72A:M153I:I167V:I171S,3.3279499985221945,0.525252520544201,4,6,4,1,1,1.014593243598938,0.2536483108997345,124,197,183
172,avGFP,S65T:S72A:V163A:I167V,3.3465293619501786,0.5482107008933137,2,4,2,1,1,1.4244163036346436,0.7122081518173218,149,172,183
149,avGFP,S65T:S72A:N105Y:V163A:I171S,3.37008174512358,0.5787618440841185,3,5,4,1,0,2.2681750059127808,0.5670437514781952,181,149,186
147,avGFP,S65T:S72A:Y145L:S147N:I171S,3.370806130601324,0.5797280007590571,3,5,4,1,0,2.5875977277755737,0.6468994319438934,188,147,187
179,avGFP,L64M:S65T:S72A:M153I:I167V,3.342350052452776,0.5429604536912742,3,5,3,1,1,1.4990485310554504,0.49968284368515015,157,179,188
176,avGFP,F46Y:S65T:S72A:I167V,3.343762990417089,0.5447298032523572,2,4,2,1,1,1.5941998958587646,0.7970999479293823,163,176,189
145,avGFP,L64M:S65T:S72A:Y145L:I171S,3.374105016295989,0.5841483615752857,3,5,4,1,0,3.2646119594573975,0.8161529898643494,195,145,190
142,avGFP,L64M:S65T:S72A:Y145L:S147N:I171S,3.3786884201824305,0.5903459209723696,4,6,5,1,0,3.8974506855010986,0.7794901371002197,198,142,190
183,avGFP,Y39N:F46Y:S65T:S72A:L178V,3.3403679163144484,0.540488008481252,3,5,4,1,0,1.596004843711853,0.39900121092796326,164,183,192
175,avGFP,L64M:S65T:S72A:Y145L,3.34534318436536,0.5467154297352487,2,4,3,1,0,1.9784799814224243,0.6594933271408081,175,175,193
191,avGFP,L64M:S65T:S72A:K79R:M153I,3.3338994356332843,0.5324975111461694,3,5,4,1,0,1.5774876475334167,0.3943719118833542,161,191,194
158,avGFP,F46Y:S65T:S72A:Y145L:I167V:I171S,3.360008713883642,0.5654925145264288,4,6,4,1,1,3.6628960371017456,0.9157240092754364,196,158,195
163,avGFP,S30C:S65T:S72A:S147N:V163A:I171S,3.353420884473475,0.5569792693106282,4,6,5,1,0,2.882652699947357,0.5765305399894715,193,163,196
169,avGFP,S65T:S72A:V163A:I171S,3.3497950556231357,0.5523485296368644,2,4,3,1,0,2.7105482816696167,0.9035160938898722,189,169,197
199,avGFP,L64M:S65T:S72A:K79R:M153I:I167V,3.323151255807121,0.5194806824840869,4,6,4,1,1,1.5774876475334167,0.3943719118833542,161,199,198
186,avGFP,S65T:S72A:R73L:Q80R:I167V:I171S,3.3374047640758127,0.5368128592136374,4,6,3,1,2,2.5235902070999146,0.8411967356999716,184,186,199
188,avGFP,L64M:S65T:S72A:M153I:I167V:I171S,3.335165735639422,0.5340524137247706,4,6,4,1,1,2.7851805090904236,0.6962951272726059,191,188,200
