candidate_id,parent,mutations,mutation,position_with_M,position_0based,ddG_pred,status
1,avGFP,S65T:S72A:N105Y:S147N:I171S:L178V,S65T,65,,,position_not_covered_in_pdb
1,avGFP,S65T:S72A:N105Y:S147N:I171S:L178V,S72A,72,69.0,-0.1139371395111084,ok
1,avGFP,S65T:S72A:N105Y:S147N:I171S:L178V,N105Y,105,102.0,-0.4423732757568359,ok
1,avGFP,S65T:S72A:N105Y:S147N:I171S:L178V,S147N,147,144.0,0.6328387260437012,ok
1,avGFP,S65T:S72A:N105Y:S147N:I171S:L178V,I171S,171,168.0,1.2861319780349731,ok
1,avGFP,S65T:S72A:N105Y:S147N:I171S:L178V,L178V,178,175.0,-0.3163850307464599,ok
2,avGFP,S65T:S72A:K79R:L178V,S65T,65,,,position_not_covered_in_pdb
2,avGFP,S65T:S72A:K79R:L178V,S72A,72,69.0,-0.1139371395111084,ok
2,avGFP,S65T:S72A:K79R:L178V,K79R,79,76.0,0.0784391164779663,ok
2,avGFP,S65T:S72A:K79R:L178V,L178V,178,175.0,-0.3163850307464599,ok
3,avGFP,S65T:S72A:K79R:N105Y:I171S:L178V,S65T,65,,,position_not_covered_in_pdb
3,avGFP,S65T:S72A:K79R:N105Y:I171S:L178V,S72A,72,69.0,-0.1139371395111084,ok
3,avGFP,S65T:S72A:K79R:N105Y:I171S:L178V,K79R,79,76.0,0.0784391164779663,ok
3,avGFP,S65T:S72A:K79R:N105Y:I171S:L178V,N105Y,105,102.0,-0.4423732757568359,ok
3,avGFP,S65T:S72A:K79R:N105Y:I171S:L178V,I171S,171,168.0,1.2861319780349731,ok
3,avGFP,S65T:S72A:K79R:N105Y:I171S:L178V,L178V,178,175.0,-0.3163850307464599,ok
4,avGFP,S65T:S72A:K79R:I171S:L178V,S65T,65,,,position_not_covered_in_pdb
4,avGFP,S65T:S72A:K79R:I171S:L178V,S72A,72,69.0,-0.1139371395111084,ok
4,avGFP,S65T:S72A:K79R:I171S:L178V,K79R,79,76.0,0.0784391164779663,ok
4,avGFP,S65T:S72A:K79R:I171S:L178V,I171S,171,168.0,1.2861319780349731,ok
4,avGFP,S65T:S72A:K79R:I171S:L178V,L178V,178,175.0,-0.3163850307464599,ok
5,avGFP,S65T:S72A:K79R:S147N:L178V,S65T,65,,,position_not_covered_in_pdb
5,avGFP,S65T:S72A:K79R:S147N:L178V,S72A,72,69.0,-0.1139371395111084,ok
5,avGFP,S65T:S72A:K79R:S147N:L178V,K79R,79,76.0,0.0784391164779663,ok
5,avGFP,S65T:S72A:K79R:S147N:L178V,S147N,147,144.0,0.6328387260437012,ok
5,avGFP,S65T:S72A:K79R:S147N:L178V,L178V,178,175.0,-0.3163850307464599,ok
6,avGFP,S65T:S72A:S147N,S65T,65,,,position_not_covered_in_pdb
6,avGFP,S65T:S72A:S147N,S72A,72,69.0,-0.1139371395111084,ok
6,avGFP,S65T:S72A:S147N,S147N,147,144.0,0.6328387260437012,ok
7,avGFP,S65T:S72A:L178V,S65T,65,,,position_not_covered_in_pdb
7,avGFP,S65T:S72A:L178V,S72A,72,69.0,-0.1139371395111084,ok
7,avGFP,S65T:S72A:L178V,L178V,178,175.0,-0.3163850307464599,ok
8,avGFP,S65T:S72A:N105Y:Y145L:L178V,S65T,65,,,position_not_covered_in_pdb
8,avGFP,S65T:S72A:N105Y:Y145L:L178V,S72A,72,69.0,-0.1139371395111084,ok
8,avGFP,S65T:S72A:N105Y:Y145L:L178V,N105Y,105,102.0,-0.4423732757568359,ok
8,avGFP,S65T:S72A:N105Y:Y145L:L178V,Y145L,145,142.0,0.7825641632080078,ok
8,avGFP,S65T:S72A:N105Y:Y145L:L178V,L178V,178,175.0,-0.3163850307464599,ok
9,avGFP,S65T:S72A:S147N:L178V,S65T,65,,,position_not_covered_in_pdb
9,avGFP,S65T:S72A:S147N:L178V,S72A,72,69.0,-0.1139371395111084,ok
9,avGFP,S65T:S72A:S147N:L178V,S147N,147,144.0,0.6328387260437012,ok
9,avGFP,S65T:S72A:S147N:L178V,L178V,178,175.0,-0.3163850307464599,ok
10,avGFP,S30C:S65T:S72A:V93F:S147N,S30C,30,27.0,-0.4607343077659607,ok
10,avGFP,S30C:S65T:S72A:V93F:S147N,S65T,65,,,position_not_covered_in_pdb
10,avGFP,S30C:S65T:S72A:V93F:S147N,S72A,72,69.0,-0.1139371395111084,ok
10,avGFP,S30C:S65T:S72A:V93F:S147N,V93F,93,90.0,0.5434067249298096,ok
10,avGFP,S30C:S65T:S72A:V93F:S147N,S147N,147,144.0,0.6328387260437012,ok
11,avGFP,S65T:S72A:S147N:I171S:L178V,S65T,65,,,position_not_covered_in_pdb
11,avGFP,S65T:S72A:S147N:I171S:L178V,S72A,72,69.0,-0.1139371395111084,ok
11,avGFP,S65T:S72A:S147N:I171S:L178V,S147N,147,144.0,0.6328387260437012,ok
11,avGFP,S65T:S72A:S147N:I171S:L178V,I171S,171,168.0,1.2861319780349731,ok
11,avGFP,S65T:S72A:S147N:I171S:L178V,L178V,178,175.0,-0.3163850307464599,ok
12,avGFP,S65T:S72A:S147N:I171S,S65T,65,,,position_not_covered_in_pdb
12,avGFP,S65T:S72A:S147N:I171S,S72A,72,69.0,-0.1139371395111084,ok
12,avGFP,S65T:S72A:S147N:I171S,S147N,147,144.0,0.6328387260437012,ok
12,avGFP,S65T:S72A:S147N:I171S,I171S,171,168.0,1.2861319780349731,ok
13,avGFP,S65T:S72A:Y145L:S147N,S65T,65,,,position_not_covered_in_pdb
13,avGFP,S65T:S72A:Y145L:S147N,S72A,72,69.0,-0.1139371395111084,ok
13,avGFP,S65T:S72A:Y145L:S147N,Y145L,145,142.0,0.7825641632080078,ok
13,avGFP,S65T:S72A:Y145L:S147N,S147N,147,144.0,0.6328387260437012,ok
14,avGFP,S65T:S72A:K79R:S147N:N149H:L178V,S65T,65,,,position_not_covered_in_pdb
14,avGFP,S65T:S72A:K79R:S147N:N149H:L178V,S72A,72,69.0,-0.1139371395111084,ok
14,avGFP,S65T:S72A:K79R:S147N:N149H:L178V,K79R,79,76.0,0.0784391164779663,ok
14,avGFP,S65T:S72A:K79R:S147N:N149H:L178V,S147N,147,144.0,0.6328387260437012,ok
14,avGFP,S65T:S72A:K79R:S147N:N149H:L178V,N149H,149,146.0,-0.1825093626976013,ok
14,avGFP,S65T:S72A:K79R:S147N:N149H:L178V,L178V,178,175.0,-0.3163850307464599,ok
15,avGFP,S30C:S65T:S72A:I171S,S30C,30,27.0,-0.4607343077659607,ok
15,avGFP,S30C:S65T:S72A:I171S,S65T,65,,,position_not_covered_in_pdb
15,avGFP,S30C:S65T:S72A:I171S,S72A,72,69.0,-0.1139371395111084,ok
15,avGFP,S30C:S65T:S72A:I171S,I171S,171,168.0,1.2861319780349731,ok
16,avGFP,S65T:S72A:F99C:S147N:I171S,S65T,65,,,position_not_covered_in_pdb
16,avGFP,S65T:S72A:F99C:S147N:I171S,S72A,72,69.0,-0.1139371395111084,ok
16,avGFP,S65T:S72A:F99C:S147N:I171S,F99C,99,96.0,0.1687479019165039,ok
16,avGFP,S65T:S72A:F99C:S147N:I171S,S147N,147,144.0,0.6328387260437012,ok
16,avGFP,S65T:S72A:F99C:S147N:I171S,I171S,171,168.0,1.2861319780349731,ok
17,avGFP,S65T:S72A:I171S:L178V,S65T,65,,,position_not_covered_in_pdb
17,avGFP,S65T:S72A:I171S:L178V,S72A,72,69.0,-0.1139371395111084,ok
17,avGFP,S65T:S72A:I171S:L178V,I171S,171,168.0,1.2861319780349731,ok
17,avGFP,S65T:S72A:I171S:L178V,L178V,178,175.0,-0.3163850307464599,ok
18,avGFP,S65T:S72A:V93F:S147N:L178V:A206V,S65T,65,,,position_not_covered_in_pdb
18,avGFP,S65T:S72A:V93F:S147N:L178V:A206V,S72A,72,69.0,-0.1139371395111084,ok
18,avGFP,S65T:S72A:V93F:S147N:L178V:A206V,V93F,93,90.0,0.5434067249298096,ok
18,avGFP,S65T:S72A:V93F:S147N:L178V:A206V,S147N,147,144.0,0.6328387260437012,ok
18,avGFP,S65T:S72A:V93F:S147N:L178V:A206V,L178V,178,175.0,-0.3163850307464599,ok
18,avGFP,S65T:S72A:V93F:S147N:L178V:A206V,A206V,206,203.0,-0.6377350687980652,ok
19,avGFP,S65T:S72A:N105Y:V163A:L178V,S65T,65,,,position_not_covered_in_pdb
19,avGFP,S65T:S72A:N105Y:V163A:L178V,S72A,72,69.0,-0.1139371395111084,ok
19,avGFP,S65T:S72A:N105Y:V163A:L178V,N105Y,105,102.0,-0.4423732757568359,ok
19,avGFP,S65T:S72A:N105Y:V163A:L178V,V163A,163,160.0,1.538353443145752,ok
19,avGFP,S65T:S72A:N105Y:V163A:L178V,L178V,178,175.0,-0.3163850307464599,ok
20,avGFP,S65T:S72A:K79R:S147N:M153I:L178V,S65T,65,,,position_not_covered_in_pdb
20,avGFP,S65T:S72A:K79R:S147N:M153I:L178V,S72A,72,69.0,-0.1139371395111084,ok
20,avGFP,S65T:S72A:K79R:S147N:M153I:L178V,K79R,79,76.0,0.0784391164779663,ok
20,avGFP,S65T:S72A:K79R:S147N:M153I:L178V,S147N,147,144.0,0.6328387260437012,ok
20,avGFP,S65T:S72A:K79R:S147N:M153I:L178V,M153I,153,150.0,0.3031327128410339,ok
20,avGFP,S65T:S72A:K79R:S147N:M153I:L178V,L178V,178,175.0,-0.3163850307464599,ok
21,avGFP,S65T:S72A:K79R:N105Y:I167V,S65T,65,,,position_not_covered_in_pdb
21,avGFP,S65T:S72A:K79R:N105Y:I167V,S72A,72,69.0,-0.1139371395111084,ok
21,avGFP,S65T:S72A:K79R:N105Y:I167V,K79R,79,76.0,0.0784391164779663,ok
21,avGFP,S65T:S72A:K79R:N105Y:I167V,N105Y,105,102.0,-0.4423732757568359,ok
21,avGFP,S65T:S72A:K79R:N105Y:I167V,I167V,167,164.0,-0.0934518575668335,wt_mismatch(model=T)
22,avGFP,S65T:S72A:K79R:S147N,S65T,65,,,position_not_covered_in_pdb
22,avGFP,S65T:S72A:K79R:S147N,S72A,72,69.0,-0.1139371395111084,ok
22,avGFP,S65T:S72A:K79R:S147N,K79R,79,76.0,0.0784391164779663,ok
22,avGFP,S65T:S72A:K79R:S147N,S147N,147,144.0,0.6328387260437012,ok
23,avGFP,S65T:S72A:V93F:L178V:A206V,S65T,65,,,position_not_covered_in_pdb
23,avGFP,S65T:S72A:V93F:L178V:A206V,S72A,72,69.0,-0.1139371395111084,ok
23,avGFP,S65T:S72A:V93F:L178V:A206V,V93F,93,90.0,0.5434067249298096,ok
23,avGFP,S65T:S72A:V93F:L178V:A206V,L178V,178,175.0,-0.3163850307464599,ok
23,avGFP,S65T:S72A:V93F:L178V:A206V,A206V,206,203.0,-0.6377350687980652,ok
24,avGFP,S65T:S72A:N105Y:I171S:L178V,S65T,65,,,position_not_covered_in_pdb
24,avGFP,S65T:S72A:N105Y:I171S:L178V,S72A,72,69.0,-0.1139371395111084,ok
24,avGFP,S65T:S72A:N105Y:I171S:L178V,N105Y,105,102.0,-0.4423732757568359,ok
24,avGFP,S65T:S72A:N105Y:I171S:L178V,I171S,171,168.0,1.2861319780349731,ok
24,avGFP,S65T:S72A:N105Y:I171S:L178V,L178V,178,175.0,-0.3163850307464599,ok
25,avGFP,S65T:S72A:Y145L:L178V,S65T,65,,,position_not_covered_in_pdb
25,avGFP,S65T:S72A:Y145L:L178V,S72A,72,69.0,-0.1139371395111084,ok
25,avGFP,S65T:S72A:Y145L:L178V,Y145L,145,142.0,0.7825641632080078,ok
25,avGFP,S65T:S72A:Y145L:L178V,L178V,178,175.0,-0.3163850307464599,ok
26,avGFP,S65T:S72A:I171S,S65T,65,,,position_not_covered_in_pdb
26,avGFP,S65T:S72A:I171S,S72A,72,69.0,-0.1139371395111084,ok
26,avGFP,S65T:S72A:I171S,I171S,171,168.0,1.2861319780349731,ok
27,avGFP,Y39N:S65T:S72A:N105Y:S147N:I171S,Y39N,39,36.0,0.3181899785995483,ok
27,avGFP,Y39N:S65T:S72A:N105Y:S147N:I171S,S65T,65,,,position_not_covered_in_pdb
27,avGFP,Y39N:S65T:S72A:N105Y:S147N:I171S,S72A,72,69.0,-0.1139371395111084,ok
27,avGFP,Y39N:S65T:S72A:N105Y:S147N:I171S,N105Y,105,102.0,-0.4423732757568359,ok
27,avGFP,Y39N:S65T:S72A:N105Y:S147N:I171S,S147N,147,144.0,0.6328387260437012,ok
27,avGFP,Y39N:S65T:S72A:N105Y:S147N:I171S,I171S,171,168.0,1.2861319780349731,ok
28,avGFP,S30C:S65T:S72A,S30C,30,27.0,-0.4607343077659607,ok
28,avGFP,S30C:S65T:S72A,S65T,65,,,position_not_covered_in_pdb
28,avGFP,S30C:S65T:S72A,S72A,72,69.0,-0.1139371395111084,ok
29,avGFP,L64M:S65T:S72A:R73L:K79R:I171S,L64M,64,61.0,1.309852957725525,ok
29,avGFP,L64M:S65T:S72A:R73L:K79R:I171S,S65T,65,,,position_not_covered_in_pdb
29,avGFP,L64M:S65T:S72A:R73L:K79R:I171S,S72A,72,69.0,-0.1139371395111084,ok
29,avGFP,L64M:S65T:S72A:R73L:K79R:I171S,R73L,73,70.0,1.3513953685760498,ok
29,avGFP,L64M:S65T:S72A:R73L:K79R:I171S,K79R,79,76.0,0.0784391164779663,ok
29,avGFP,L64M:S65T:S72A:R73L:K79R:I171S,I171S,171,168.0,1.2861319780349731,ok
30,avGFP,Y39N:S65T:Q69H:S72A,Y39N,39,36.0,0.3181899785995483,ok
30,avGFP,Y39N:S65T:Q69H:S72A,S65T,65,,,position_not_covered_in_pdb
30,avGFP,Y39N:S65T:Q69H:S72A,Q69H,69,66.0,0.5694892406463623,ok
30,avGFP,Y39N:S65T:Q69H:S72A,S72A,72,69.0,-0.1139371395111084,ok
31,avGFP,S65T:S72A:R73L:K79R:L178V,S65T,65,,,position_not_covered_in_pdb
31,avGFP,S65T:S72A:R73L:K79R:L178V,S72A,72,69.0,-0.1139371395111084,ok
31,avGFP,S65T:S72A:R73L:K79R:L178V,R73L,73,70.0,1.3513953685760498,ok
31,avGFP,S65T:S72A:R73L:K79R:L178V,K79R,79,76.0,0.0784391164779663,ok
31,avGFP,S65T:S72A:R73L:K79R:L178V,L178V,178,175.0,-0.3163850307464599,ok
32,avGFP,S30C:S65T:S72A:S147N,S30C,30,27.0,-0.4607343077659607,ok
32,avGFP,S30C:S65T:S72A:S147N,S65T,65,,,position_not_covered_in_pdb
32,avGFP,S30C:S65T:S72A:S147N,S72A,72,69.0,-0.1139371395111084,ok
32,avGFP,S30C:S65T:S72A:S147N,S147N,147,144.0,0.6328387260437012,ok
33,avGFP,S65T:S72A:S147N:I167V:I171S:L178V,S65T,65,,,position_not_covered_in_pdb
33,avGFP,S65T:S72A:S147N:I167V:I171S:L178V,S72A,72,69.0,-0.1139371395111084,ok
33,avGFP,S65T:S72A:S147N:I167V:I171S:L178V,S147N,147,144.0,0.6328387260437012,ok
33,avGFP,S65T:S72A:S147N:I167V:I171S:L178V,I167V,167,164.0,-0.0934518575668335,wt_mismatch(model=T)
33,avGFP,S65T:S72A:S147N:I167V:I171S:L178V,I171S,171,168.0,1.2861319780349731,ok
33,avGFP,S65T:S72A:S147N:I167V:I171S:L178V,L178V,178,175.0,-0.3163850307464599,ok
34,avGFP,S65T:S72A:K79R:M153I,S65T,65,,,position_not_covered_in_pdb
34,avGFP,S65T:S72A:K79R:M153I,S72A,72,69.0,-0.1139371395111084,ok
34,avGFP,S65T:S72A:K79R:M153I,K79R,79,76.0,0.0784391164779663,ok
34,avGFP,S65T:S72A:K79R:M153I,M153I,153,150.0,0.3031327128410339,ok
35,avGFP,S65T:S72A:A206V,S65T,65,,,position_not_covered_in_pdb
35,avGFP,S65T:S72A:A206V,S72A,72,69.0,-0.1139371395111084,ok
35,avGFP,S65T:S72A:A206V,A206V,206,203.0,-0.6377350687980652,ok
36,avGFP,S65T:S72A:N105Y,S65T,65,,,position_not_covered_in_pdb
36,avGFP,S65T:S72A:N105Y,S72A,72,69.0,-0.1139371395111084,ok
36,avGFP,S65T:S72A:N105Y,N105Y,105,102.0,-0.4423732757568359,ok
37,avGFP,S65T:S72A:I171S:S202T,S65T,65,,,position_not_covered_in_pdb
37,avGFP,S65T:S72A:I171S:S202T,S72A,72,69.0,-0.1139371395111084,ok
37,avGFP,S65T:S72A:I171S:S202T,I171S,171,168.0,1.2861319780349731,ok
37,avGFP,S65T:S72A:I171S:S202T,S202T,202,199.0,-0.0239624977111816,ok
38,avGFP,Y39N:S65T:S72A:N105Y:S147N:L178V,Y39N,39,36.0,0.3181899785995483,ok
38,avGFP,Y39N:S65T:S72A:N105Y:S147N:L178V,S65T,65,,,position_not_covered_in_pdb
38,avGFP,Y39N:S65T:S72A:N105Y:S147N:L178V,S72A,72,69.0,-0.1139371395111084,ok
38,avGFP,Y39N:S65T:S72A:N105Y:S147N:L178V,N105Y,105,102.0,-0.4423732757568359,ok
38,avGFP,Y39N:S65T:S72A:N105Y:S147N:L178V,S147N,147,144.0,0.6328387260437012,ok
38,avGFP,Y39N:S65T:S72A:N105Y:S147N:L178V,L178V,178,175.0,-0.3163850307464599,ok
39,avGFP,S65T:S72A:I167V,S65T,65,,,position_not_covered_in_pdb
39,avGFP,S65T:S72A:I167V,S72A,72,69.0,-0.1139371395111084,ok
39,avGFP,S65T:S72A:I167V,I167V,167,164.0,-0.0934518575668335,wt_mismatch(model=T)
40,avGFP,S65T:S72A:N105Y:S147N,S65T,65,,,position_not_covered_in_pdb
40,avGFP,S65T:S72A:N105Y:S147N,S72A,72,69.0,-0.1139371395111084,ok
40,avGFP,S65T:S72A:N105Y:S147N,N105Y,105,102.0,-0.4423732757568359,ok
40,avGFP,S65T:S72A:N105Y:S147N,S147N,147,144.0,0.6328387260437012,ok
41,avGFP,S65T:S72A:I167V:I171S,S65T,65,,,position_not_covered_in_pdb
41,avGFP,S65T:S72A:I167V:I171S,S72A,72,69.0,-0.1139371395111084,ok
41,avGFP,S65T:S72A:I167V:I171S,I167V,167,164.0,-0.0934518575668335,wt_mismatch(model=T)
41,avGFP,S65T:S72A:I167V:I171S,I171S,171,168.0,1.2861319780349731,ok
42,avGFP,S65T:S72A:N105Y:I171S,S65T,65,,,position_not_covered_in_pdb
42,avGFP,S65T:S72A:N105Y:I171S,S72A,72,69.0,-0.1139371395111084,ok
42,avGFP,S65T:S72A:N105Y:I171S,N105Y,105,102.0,-0.4423732757568359,ok
42,avGFP,S65T:S72A:N105Y:I171S,I171S,171,168.0,1.2861319780349731,ok
43,avGFP,S65T:S72A:I167V:L178V,S65T,65,,,position_not_covered_in_pdb
43,avGFP,S65T:S72A:I167V:L178V,S72A,72,69.0,-0.1139371395111084,ok
43,avGFP,S65T:S72A:I167V:L178V,I167V,167,164.0,-0.0934518575668335,wt_mismatch(model=T)
43,avGFP,S65T:S72A:I167V:L178V,L178V,178,175.0,-0.3163850307464599,ok
44,avGFP,S65T:S72A:K79R:I167V,S65T,65,,,position_not_covered_in_pdb
44,avGFP,S65T:S72A:K79R:I167V,S72A,72,69.0,-0.1139371395111084,ok
44,avGFP,S65T:S72A:K79R:I167V,K79R,79,76.0,0.0784391164779663,ok
44,avGFP,S65T:S72A:K79R:I167V,I167V,167,164.0,-0.0934518575668335,wt_mismatch(model=T)
45,avGFP,S65T:S72A:V163A:L178V,S65T,65,,,position_not_covered_in_pdb
45,avGFP,S65T:S72A:V163A:L178V,S72A,72,69.0,-0.1139371395111084,ok
45,avGFP,S65T:S72A:V163A:L178V,V163A,163,160.0,1.538353443145752,ok
45,avGFP,S65T:S72A:V163A:L178V,L178V,178,175.0,-0.3163850307464599,ok
46,avGFP,S65T:S72A:S147N:V163A:I171S:L178V,S65T,65,,,position_not_covered_in_pdb
46,avGFP,S65T:S72A:S147N:V163A:I171S:L178V,S72A,72,69.0,-0.1139371395111084,ok
46,avGFP,S65T:S72A:S147N:V163A:I171S:L178V,S147N,147,144.0,0.6328387260437012,ok
46,avGFP,S65T:S72A:S147N:V163A:I171S:L178V,V163A,163,160.0,1.538353443145752,ok
46,avGFP,S65T:S72A:S147N:V163A:I171S:L178V,I171S,171,168.0,1.2861319780349731,ok
46,avGFP,S65T:S72A:S147N:V163A:I171S:L178V,L178V,178,175.0,-0.3163850307464599,ok
47,avGFP,S65T:S72A:S147N:I167V:I171S,S65T,65,,,position_not_covered_in_pdb
47,avGFP,S65T:S72A:S147N:I167V:I171S,S72A,72,69.0,-0.1139371395111084,ok
47,avGFP,S65T:S72A:S147N:I167V:I171S,S147N,147,144.0,0.6328387260437012,ok
47,avGFP,S65T:S72A:S147N:I167V:I171S,I167V,167,164.0,-0.0934518575668335,wt_mismatch(model=T)
47,avGFP,S65T:S72A:S147N:I167V:I171S,I171S,171,168.0,1.2861319780349731,ok
48,avGFP,S65T:S72A:K79R:Y145L:L178V,S65T,65,,,position_not_covered_in_pdb
48,avGFP,S65T:S72A:K79R:Y145L:L178V,S72A,72,69.0,-0.1139371395111084,ok
48,avGFP,S65T:S72A:K79R:Y145L:L178V,K79R,79,76.0,0.0784391164779663,ok
48,avGFP,S65T:S72A:K79R:Y145L:L178V,Y145L,145,142.0,0.7825641632080078,ok
48,avGFP,S65T:S72A:K79R:Y145L:L178V,L178V,178,175.0,-0.3163850307464599,ok
49,avGFP,S65T:S72A:K79R:S147N:I167V:I171S,S65T,65,,,position_not_covered_in_pdb
49,avGFP,S65T:S72A:K79R:S147N:I167V:I171S,S72A,72,69.0,-0.1139371395111084,ok
49,avGFP,S65T:S72A:K79R:S147N:I167V:I171S,K79R,79,76.0,0.0784391164779663,ok
49,avGFP,S65T:S72A:K79R:S147N:I167V:I171S,S147N,147,144.0,0.6328387260437012,ok
49,avGFP,S65T:S72A:K79R:S147N:I167V:I171S,I167V,167,164.0,-0.0934518575668335,wt_mismatch(model=T)
49,avGFP,S65T:S72A:K79R:S147N:I167V:I171S,I171S,171,168.0,1.2861319780349731,ok
50,avGFP,S65T:S72A:F99C,S65T,65,,,position_not_covered_in_pdb
50,avGFP,S65T:S72A:F99C,S72A,72,69.0,-0.1139371395111084,ok
50,avGFP,S65T:S72A:F99C,F99C,99,96.0,0.1687479019165039,ok
51,avGFP,S65T:S72A:V93F:F99C,S65T,65,,,position_not_covered_in_pdb
51,avGFP,S65T:S72A:V93F:F99C,S72A,72,69.0,-0.1139371395111084,ok
51,avGFP,S65T:S72A:V93F:F99C,V93F,93,90.0,0.5434067249298096,ok
51,avGFP,S65T:S72A:V93F:F99C,F99C,99,96.0,0.1687479019165039,ok
52,avGFP,S65T:S72A:V93F:S147N:L178V,S65T,65,,,position_not_covered_in_pdb
52,avGFP,S65T:S72A:V93F:S147N:L178V,S72A,72,69.0,-0.1139371395111084,ok
52,avGFP,S65T:S72A:V93F:S147N:L178V,V93F,93,90.0,0.5434067249298096,ok
52,avGFP,S65T:S72A:V93F:S147N:L178V,S147N,147,144.0,0.6328387260437012,ok
52,avGFP,S65T:S72A:V93F:S147N:L178V,L178V,178,175.0,-0.3163850307464599,ok
53,avGFP,L64M:S65T:S72A:R73L:I171S,L64M,64,61.0,1.309852957725525,ok
53,avGFP,L64M:S65T:S72A:R73L:I171S,S65T,65,,,position_not_covered_in_pdb
53,avGFP,L64M:S65T:S72A:R73L:I171S,S72A,72,69.0,-0.1139371395111084,ok
53,avGFP,L64M:S65T:S72A:R73L:I171S,R73L,73,70.0,1.3513953685760498,ok
53,avGFP,L64M:S65T:S72A:R73L:I171S,I171S,171,168.0,1.2861319780349731,ok
54,avGFP,S65T:Q69H:S72A:Y145L:I167V:I171S,S65T,65,,,position_not_covered_in_pdb
54,avGFP,S65T:Q69H:S72A:Y145L:I167V:I171S,Q69H,69,66.0,0.5694892406463623,ok
54,avGFP,S65T:Q69H:S72A:Y145L:I167V:I171S,S72A,72,69.0,-0.1139371395111084,ok
54,avGFP,S65T:Q69H:S72A:Y145L:I167V:I171S,Y145L,145,142.0,0.7825641632080078,ok
54,avGFP,S65T:Q69H:S72A:Y145L:I167V:I171S,I167V,167,164.0,-0.0934518575668335,wt_mismatch(model=T)
54,avGFP,S65T:Q69H:S72A:Y145L:I167V:I171S,I171S,171,168.0,1.2861319780349731,ok
55,avGFP,S65T:S72A:R73L:Q80R:S147N:L178V,S65T,65,,,position_not_covered_in_pdb
55,avGFP,S65T:S72A:R73L:Q80R:S147N:L178V,S72A,72,69.0,-0.1139371395111084,ok
55,avGFP,S65T:S72A:R73L:Q80R:S147N:L178V,R73L,73,70.0,1.3513953685760498,ok
55,avGFP,S65T:S72A:R73L:Q80R:S147N:L178V,Q80R,80,77.0,0.0,wt_mismatch(model=R)
55,avGFP,S65T:S72A:R73L:Q80R:S147N:L178V,S147N,147,144.0,0.6328387260437012,ok
55,avGFP,S65T:S72A:R73L:Q80R:S147N:L178V,L178V,178,175.0,-0.3163850307464599,ok
56,avGFP,S65T:S72A:I167V:S202T,S65T,65,,,position_not_covered_in_pdb
56,avGFP,S65T:S72A:I167V:S202T,S72A,72,69.0,-0.1139371395111084,ok
56,avGFP,S65T:S72A:I167V:S202T,I167V,167,164.0,-0.0934518575668335,wt_mismatch(model=T)
56,avGFP,S65T:S72A:I167V:S202T,S202T,202,199.0,-0.0239624977111816,ok
57,avGFP,S65T:S72A:K79R:N105Y,S65T,65,,,position_not_covered_in_pdb
57,avGFP,S65T:S72A:K79R:N105Y,S72A,72,69.0,-0.1139371395111084,ok
57,avGFP,S65T:S72A:K79R:N105Y,K79R,79,76.0,0.0784391164779663,ok
57,avGFP,S65T:S72A:K79R:N105Y,N105Y,105,102.0,-0.4423732757568359,ok
58,avGFP,S65T:S72A:L178V:A206V,S65T,65,,,position_not_covered_in_pdb
58,avGFP,S65T:S72A:L178V:A206V,S72A,72,69.0,-0.1139371395111084,ok
58,avGFP,S65T:S72A:L178V:A206V,L178V,178,175.0,-0.3163850307464599,ok
58,avGFP,S65T:S72A:L178V:A206V,A206V,206,203.0,-0.6377350687980652,ok
59,avGFP,S65T:S72A:K79R:F99C,S65T,65,,,position_not_covered_in_pdb
59,avGFP,S65T:S72A:K79R:F99C,S72A,72,69.0,-0.1139371395111084,ok
59,avGFP,S65T:S72A:K79R:F99C,K79R,79,76.0,0.0784391164779663,ok
59,avGFP,S65T:S72A:K79R:F99C,F99C,99,96.0,0.1687479019165039,ok
60,avGFP,S65T:S72A:V163A:A206V,S65T,65,,,position_not_covered_in_pdb
60,avGFP,S65T:S72A:V163A:A206V,S72A,72,69.0,-0.1139371395111084,ok
60,avGFP,S65T:S72A:V163A:A206V,V163A,163,160.0,1.538353443145752,ok
60,avGFP,S65T:S72A:V163A:A206V,A206V,206,203.0,-0.6377350687980652,ok
61,avGFP,S30C:S65T:S72A:Y145L:S147N,S30C,30,27.0,-0.4607343077659607,ok
61,avGFP,S30C:S65T:S72A:Y145L:S147N,S65T,65,,,position_not_covered_in_pdb
61,avGFP,S30C:S65T:S72A:Y145L:S147N,S72A,72,69.0,-0.1139371395111084,ok
61,avGFP,S30C:S65T:S72A:Y145L:S147N,Y145L,145,142.0,0.7825641632080078,ok
61,avGFP,S30C:S65T:S72A:Y145L:S147N,S147N,147,144.0,0.6328387260437012,ok
62,avGFP,S65T:S72A:Q80R:N105Y:S202T,S65T,65,,,position_not_covered_in_pdb
62,avGFP,S65T:S72A:Q80R:N105Y:S202T,S72A,72,69.0,-0.1139371395111084,ok
62,avGFP,S65T:S72A:Q80R:N105Y:S202T,Q80R,80,77.0,0.0,wt_mismatch(model=R)
62,avGFP,S65T:S72A:Q80R:N105Y:S202T,N105Y,105,102.0,-0.4423732757568359,ok
62,avGFP,S65T:S72A:Q80R:N105Y:S202T,S202T,202,199.0,-0.0239624977111816,ok
63,avGFP,S65T:S72A:F99C:Y145L:I171S,S65T,65,,,position_not_covered_in_pdb
63,avGFP,S65T:S72A:F99C:Y145L:I171S,S72A,72,69.0,-0.1139371395111084,ok
63,avGFP,S65T:S72A:F99C:Y145L:I171S,F99C,99,96.0,0.1687479019165039,ok
63,avGFP,S65T:S72A:F99C:Y145L:I171S,Y145L,145,142.0,0.7825641632080078,ok
63,avGFP,S65T:S72A:F99C:Y145L:I171S,I171S,171,168.0,1.2861319780349731,ok
64,avGFP,S65T:S72A:N105Y:L178V,S65T,65,,,position_not_covered_in_pdb
64,avGFP,S65T:S72A:N105Y:L178V,S72A,72,69.0,-0.1139371395111084,ok
64,avGFP,S65T:S72A:N105Y:L178V,N105Y,105,102.0,-0.4423732757568359,ok
64,avGFP,S65T:S72A:N105Y:L178V,L178V,178,175.0,-0.3163850307464599,ok
65,avGFP,S65T:S72A:K79R:F99C:S147N:I171S,S65T,65,,,position_not_covered_in_pdb
65,avGFP,S65T:S72A:K79R:F99C:S147N:I171S,S72A,72,69.0,-0.1139371395111084,ok
65,avGFP,S65T:S72A:K79R:F99C:S147N:I171S,K79R,79,76.0,0.0784391164779663,ok
65,avGFP,S65T:S72A:K79R:F99C:S147N:I171S,F99C,99,96.0,0.1687479019165039,ok
65,avGFP,S65T:S72A:K79R:F99C:S147N:I171S,S147N,147,144.0,0.6328387260437012,ok
65,avGFP,S65T:S72A:K79R:F99C:S147N:I171S,I171S,171,168.0,1.2861319780349731,ok
66,avGFP,S30C:S65T:S72A:Y145L,S30C,30,27.0,-0.4607343077659607,ok
66,avGFP,S30C:S65T:S72A:Y145L,S65T,65,,,position_not_covered_in_pdb
66,avGFP,S30C:S65T:S72A:Y145L,S72A,72,69.0,-0.1139371395111084,ok
66,avGFP,S30C:S65T:S72A:Y145L,Y145L,145,142.0,0.7825641632080078,ok
67,avGFP,S65T:Q69H:S72A:K79R:H231Y,S65T,65,,,position_not_covered_in_pdb
67,avGFP,S65T:Q69H:S72A:K79R:H231Y,Q69H,69,66.0,0.5694892406463623,ok
67,avGFP,S65T:Q69H:S72A:K79R:H231Y,S72A,72,69.0,-0.1139371395111084,ok
67,avGFP,S65T:Q69H:S72A:K79R:H231Y,K79R,79,76.0,0.0784391164779663,ok
67,avGFP,S65T:Q69H:S72A:K79R:H231Y,H231Y,231,228.0,0.0591152906417846,ok
68,avGFP,Y39N:S65T:S72A:I171S,Y39N,39,36.0,0.3181899785995483,ok
68,avGFP,Y39N:S65T:S72A:I171S,S65T,65,,,position_not_covered_in_pdb
68,avGFP,Y39N:S65T:S72A:I171S,S72A,72,69.0,-0.1139371395111084,ok
68,avGFP,Y39N:S65T:S72A:I171S,I171S,171,168.0,1.2861319780349731,ok
69,avGFP,S65T:S72A:S147N:I167V,S65T,65,,,position_not_covered_in_pdb
69,avGFP,S65T:S72A:S147N:I167V,S72A,72,69.0,-0.1139371395111084,ok
69,avGFP,S65T:S72A:S147N:I167V,S147N,147,144.0,0.6328387260437012,ok
69,avGFP,S65T:S72A:S147N:I167V,I167V,167,164.0,-0.0934518575668335,wt_mismatch(model=T)
70,avGFP,S65T:S72A:K79R,S65T,65,,,position_not_covered_in_pdb
70,avGFP,S65T:S72A:K79R,S72A,72,69.0,-0.1139371395111084,ok
70,avGFP,S65T:S72A:K79R,K79R,79,76.0,0.0784391164779663,ok
71,avGFP,S30C:S65T:S72A:V93F:S202T,S30C,30,27.0,-0.4607343077659607,ok
71,avGFP,S30C:S65T:S72A:V93F:S202T,S65T,65,,,position_not_covered_in_pdb
71,avGFP,S30C:S65T:S72A:V93F:S202T,S72A,72,69.0,-0.1139371395111084,ok
71,avGFP,S30C:S65T:S72A:V93F:S202T,V93F,93,90.0,0.5434067249298096,ok
71,avGFP,S30C:S65T:S72A:V93F:S202T,S202T,202,199.0,-0.0239624977111816,ok
72,avGFP,S65T:S72A:K79R:N105Y:L178V,S65T,65,,,position_not_covered_in_pdb
72,avGFP,S65T:S72A:K79R:N105Y:L178V,S72A,72,69.0,-0.1139371395111084,ok
72,avGFP,S65T:S72A:K79R:N105Y:L178V,K79R,79,76.0,0.0784391164779663,ok
72,avGFP,S65T:S72A:K79R:N105Y:L178V,N105Y,105,102.0,-0.4423732757568359,ok
72,avGFP,S65T:S72A:K79R:N105Y:L178V,L178V,178,175.0,-0.3163850307464599,ok
73,avGFP,S65T:S72A:K79R:M153I:I167V,S65T,65,,,position_not_covered_in_pdb
73,avGFP,S65T:S72A:K79R:M153I:I167V,S72A,72,69.0,-0.1139371395111084,ok
73,avGFP,S65T:S72A:K79R:M153I:I167V,K79R,79,76.0,0.0784391164779663,ok
73,avGFP,S65T:S72A:K79R:M153I:I167V,M153I,153,150.0,0.3031327128410339,ok
73,avGFP,S65T:S72A:K79R:M153I:I167V,I167V,167,164.0,-0.0934518575668335,wt_mismatch(model=T)
74,avGFP,S65T:S72A:F99C:I171S,S65T,65,,,position_not_covered_in_pdb
74,avGFP,S65T:S72A:F99C:I171S,S72A,72,69.0,-0.1139371395111084,ok
74,avGFP,S65T:S72A:F99C:I171S,F99C,99,96.0,0.1687479019165039,ok
74,avGFP,S65T:S72A:F99C:I171S,I171S,171,168.0,1.2861319780349731,ok
75,avGFP,S30C:S65T:S72A:K79R:V93F,S30C,30,27.0,-0.4607343077659607,ok
75,avGFP,S30C:S65T:S72A:K79R:V93F,S65T,65,,,position_not_covered_in_pdb
75,avGFP,S30C:S65T:S72A:K79R:V93F,S72A,72,69.0,-0.1139371395111084,ok
75,avGFP,S30C:S65T:S72A:K79R:V93F,K79R,79,76.0,0.0784391164779663,ok
75,avGFP,S30C:S65T:S72A:K79R:V93F,V93F,93,90.0,0.5434067249298096,ok
76,avGFP,S65T:S72A:S147N:N164T,S65T,65,,,position_not_covered_in_pdb
76,avGFP,S65T:S72A:S147N:N164T,S72A,72,69.0,-0.1139371395111084,ok
76,avGFP,S65T:S72A:S147N:N164T,S147N,147,144.0,0.6328387260437012,ok
76,avGFP,S65T:S72A:S147N:N164T,N164T,164,161.0,-0.2081400752067566,ok
77,avGFP,S65T:S72A:V163A:I167V:I171S,S65T,65,,,position_not_covered_in_pdb
77,avGFP,S65T:S72A:V163A:I167V:I171S,S72A,72,69.0,-0.1139371395111084,ok
77,avGFP,S65T:S72A:V163A:I167V:I171S,V163A,163,160.0,1.538353443145752,ok
77,avGFP,S65T:S72A:V163A:I167V:I171S,I167V,167,164.0,-0.0934518575668335,wt_mismatch(model=T)
77,avGFP,S65T:S72A:V163A:I167V:I171S,I171S,171,168.0,1.2861319780349731,ok
78,avGFP,F46Y:S65T:S72A:Y145L:L178V,F46Y,46,43.0,1.708137035369873,ok
78,avGFP,F46Y:S65T:S72A:Y145L:L178V,S65T,65,,,position_not_covered_in_pdb
78,avGFP,F46Y:S65T:S72A:Y145L:L178V,S72A,72,69.0,-0.1139371395111084,ok
78,avGFP,F46Y:S65T:S72A:Y145L:L178V,Y145L,145,142.0,0.7825641632080078,ok
78,avGFP,F46Y:S65T:S72A:Y145L:L178V,L178V,178,175.0,-0.3163850307464599,ok
79,avGFP,L64M:S65T:S72A:R73L:Q80R,L64M,64,61.0,1.309852957725525,ok
79,avGFP,L64M:S65T:S72A:R73L:Q80R,S65T,65,,,position_not_covered_in_pdb
79,avGFP,L64M:S65T:S72A:R73L:Q80R,S72A,72,69.0,-0.1139371395111084,ok
79,avGFP,L64M:S65T:S72A:R73L:Q80R,R73L,73,70.0,1.3513953685760498,ok
79,avGFP,L64M:S65T:S72A:R73L:Q80R,Q80R,80,77.0,0.0,wt_mismatch(model=R)
80,avGFP,S65T:S72A:N149H:A206V,S65T,65,,,position_not_covered_in_pdb
80,avGFP,S65T:S72A:N149H:A206V,S72A,72,69.0,-0.1139371395111084,ok
80,avGFP,S65T:S72A:N149H:A206V,N149H,149,146.0,-0.1825093626976013,ok
80,avGFP,S65T:S72A:N149H:A206V,A206V,206,203.0,-0.6377350687980652,ok
81,avGFP,Y39N:L64M:S65T:S72A:R73L:I171S,Y39N,39,36.0,0.3181899785995483,ok
81,avGFP,Y39N:L64M:S65T:S72A:R73L:I171S,L64M,64,61.0,1.309852957725525,ok
81,avGFP,Y39N:L64M:S65T:S72A:R73L:I171S,S65T,65,,,position_not_covered_in_pdb
81,avGFP,Y39N:L64M:S65T:S72A:R73L:I171S,S72A,72,69.0,-0.1139371395111084,ok
81,avGFP,Y39N:L64M:S65T:S72A:R73L:I171S,R73L,73,70.0,1.3513953685760498,ok
81,avGFP,Y39N:L64M:S65T:S72A:R73L:I171S,I171S,171,168.0,1.2861319780349731,ok
82,avGFP,S65T:S72A:N105Y:I171S:L178V:A206V,S65T,65,,,position_not_covered_in_pdb
82,avGFP,S65T:S72A:N105Y:I171S:L178V:A206V,S72A,72,69.0,-0.1139371395111084,ok
82,avGFP,S65T:S72A:N105Y:I171S:L178V:A206V,N105Y,105,102.0,-0.4423732757568359,ok
82,avGFP,S65T:S72A:N105Y:I171S:L178V:A206V,I171S,171,168.0,1.2861319780349731,ok
82,avGFP,S65T:S72A:N105Y:I171S:L178V:A206V,L178V,178,175.0,-0.3163850307464599,ok
82,avGFP,S65T:S72A:N105Y:I171S:L178V:A206V,A206V,206,203.0,-0.6377350687980652,ok
83,avGFP,S65T:S72A:R73L:Q80R:N105Y:L178V,S65T,65,,,position_not_covered_in_pdb
83,avGFP,S65T:S72A:R73L:Q80R:N105Y:L178V,S72A,72,69.0,-0.1139371395111084,ok
83,avGFP,S65T:S72A:R73L:Q80R:N105Y:L178V,R73L,73,70.0,1.3513953685760498,ok
83,avGFP,S65T:S72A:R73L:Q80R:N105Y:L178V,Q80R,80,77.0,0.0,wt_mismatch(model=R)
83,avGFP,S65T:S72A:R73L:Q80R:N105Y:L178V,N105Y,105,102.0,-0.4423732757568359,ok
83,avGFP,S65T:S72A:R73L:Q80R:N105Y:L178V,L178V,178,175.0,-0.3163850307464599,ok
84,avGFP,S65T:S72A:K79R:F99C:I171S,S65T,65,,,position_not_covered_in_pdb
84,avGFP,S65T:S72A:K79R:F99C:I171S,S72A,72,69.0,-0.1139371395111084,ok
84,avGFP,S65T:S72A:K79R:F99C:I171S,K79R,79,76.0,0.0784391164779663,ok
84,avGFP,S65T:S72A:K79R:F99C:I171S,F99C,99,96.0,0.1687479019165039,ok
84,avGFP,S65T:S72A:K79R:F99C:I171S,I171S,171,168.0,1.2861319780349731,ok
85,avGFP,S65T:S72A:N149H:L178V:H231Y,S65T,65,,,position_not_covered_in_pdb
85,avGFP,S65T:S72A:N149H:L178V:H231Y,S72A,72,69.0,-0.1139371395111084,ok
85,avGFP,S65T:S72A:N149H:L178V:H231Y,N149H,149,146.0,-0.1825093626976013,ok
85,avGFP,S65T:S72A:N149H:L178V:H231Y,L178V,178,175.0,-0.3163850307464599,ok
85,avGFP,S65T:S72A:N149H:L178V:H231Y,H231Y,231,228.0,0.0591152906417846,ok
86,avGFP,Y39N:S65T:S72A:S147N,Y39N,39,36.0,0.3181899785995483,ok
86,avGFP,Y39N:S65T:S72A:S147N,S65T,65,,,position_not_covered_in_pdb
86,avGFP,Y39N:S65T:S72A:S147N,S72A,72,69.0,-0.1139371395111084,ok
86,avGFP,Y39N:S65T:S72A:S147N,S147N,147,144.0,0.6328387260437012,ok
87,avGFP,S65T:Q69H:S72A:L178V,S65T,65,,,position_not_covered_in_pdb
87,avGFP,S65T:Q69H:S72A:L178V,Q69H,69,66.0,0.5694892406463623,ok
87,avGFP,S65T:Q69H:S72A:L178V,S72A,72,69.0,-0.1139371395111084,ok
87,avGFP,S65T:Q69H:S72A:L178V,L178V,178,175.0,-0.3163850307464599,ok
88,avGFP,S65T:S72A:Y145L:I167V,S65T,65,,,position_not_covered_in_pdb
88,avGFP,S65T:S72A:Y145L:I167V,S72A,72,69.0,-0.1139371395111084,ok
88,avGFP,S65T:S72A:Y145L:I167V,Y145L,145,142.0,0.7825641632080078,ok
88,avGFP,S65T:S72A:Y145L:I167V,I167V,167,164.0,-0.0934518575668335,wt_mismatch(model=T)
89,avGFP,S65T:S72A:Y145L:I171S,S65T,65,,,position_not_covered_in_pdb
89,avGFP,S65T:S72A:Y145L:I171S,S72A,72,69.0,-0.1139371395111084,ok
89,avGFP,S65T:S72A:Y145L:I171S,Y145L,145,142.0,0.7825641632080078,ok
89,avGFP,S65T:S72A:Y145L:I171S,I171S,171,168.0,1.2861319780349731,ok
90,avGFP,Y39N:S65T:S72A,Y39N,39,36.0,0.3181899785995483,ok
90,avGFP,Y39N:S65T:S72A,S65T,65,,,position_not_covered_in_pdb
90,avGFP,Y39N:S65T:S72A,S72A,72,69.0,-0.1139371395111084,ok
91,avGFP,S65T:Q69H:S72A:Y145L:S147N:L178V,S65T,65,,,position_not_covered_in_pdb
91,avGFP,S65T:Q69H:S72A:Y145L:S147N:L178V,Q69H,69,66.0,0.5694892406463623,ok
91,avGFP,S65T:Q69H:S72A:Y145L:S147N:L178V,S72A,72,69.0,-0.1139371395111084,ok
91,avGFP,S65T:Q69H:S72A:Y145L:S147N:L178V,Y145L,145,142.0,0.7825641632080078,ok
91,avGFP,S65T:Q69H:S72A:Y145L:S147N:L178V,S147N,147,144.0,0.6328387260437012,ok
91,avGFP,S65T:Q69H:S72A:Y145L:S147N:L178V,L178V,178,175.0,-0.3163850307464599,ok
92,avGFP,S65T:S72A:K79R:I171S,S65T,65,,,position_not_covered_in_pdb
92,avGFP,S65T:S72A:K79R:I171S,S72A,72,69.0,-0.1139371395111084,ok
92,avGFP,S65T:S72A:K79R:I171S,K79R,79,76.0,0.0784391164779663,ok
92,avGFP,S65T:S72A:K79R:I171S,I171S,171,168.0,1.2861319780349731,ok
93,avGFP,S65T:S72A:K79R:N164T:L178V,S65T,65,,,position_not_covered_in_pdb
93,avGFP,S65T:S72A:K79R:N164T:L178V,S72A,72,69.0,-0.1139371395111084,ok
93,avGFP,S65T:S72A:K79R:N164T:L178V,K79R,79,76.0,0.0784391164779663,ok
93,avGFP,S65T:S72A:K79R:N164T:L178V,N164T,164,161.0,-0.2081400752067566,ok
93,avGFP,S65T:S72A:K79R:N164T:L178V,L178V,178,175.0,-0.3163850307464599,ok
94,avGFP,S65T:S72A:N105Y:V163A:I167V:I171S,S65T,65,,,position_not_covered_in_pdb
94,avGFP,S65T:S72A:N105Y:V163A:I167V:I171S,S72A,72,69.0,-0.1139371395111084,ok
94,avGFP,S65T:S72A:N105Y:V163A:I167V:I171S,N105Y,105,102.0,-0.4423732757568359,ok
94,avGFP,S65T:S72A:N105Y:V163A:I167V:I171S,V163A,163,160.0,1.538353443145752,ok
94,avGFP,S65T:S72A:N105Y:V163A:I167V:I171S,I167V,167,164.0,-0.0934518575668335,wt_mismatch(model=T)
94,avGFP,S65T:S72A:N105Y:V163A:I167V:I171S,I171S,171,168.0,1.2861319780349731,ok
95,avGFP,S65T:S72A:K79R:S202T,S65T,65,,,position_not_covered_in_pdb
95,avGFP,S65T:S72A:K79R:S202T,S72A,72,69.0,-0.1139371395111084,ok
95,avGFP,S65T:S72A:K79R:S202T,K79R,79,76.0,0.0784391164779663,ok
95,avGFP,S65T:S72A:K79R:S202T,S202T,202,199.0,-0.0239624977111816,ok
96,avGFP,Y39N:S65T:S72A:M153I,Y39N,39,36.0,0.3181899785995483,ok
96,avGFP,Y39N:S65T:S72A:M153I,S65T,65,,,position_not_covered_in_pdb
96,avGFP,Y39N:S65T:S72A:M153I,S72A,72,69.0,-0.1139371395111084,ok
96,avGFP,Y39N:S65T:S72A:M153I,M153I,153,150.0,0.3031327128410339,ok
97,avGFP,S65T:S72A:M153I:L178V,S65T,65,,,position_not_covered_in_pdb
97,avGFP,S65T:S72A:M153I:L178V,S72A,72,69.0,-0.1139371395111084,ok
97,avGFP,S65T:S72A:M153I:L178V,M153I,153,150.0,0.3031327128410339,ok
97,avGFP,S65T:S72A:M153I:L178V,L178V,178,175.0,-0.3163850307464599,ok
98,avGFP,S65T:S72A:S147N:N164T:I171S,S65T,65,,,position_not_covered_in_pdb
98,avGFP,S65T:S72A:S147N:N164T:I171S,S72A,72,69.0,-0.1139371395111084,ok
98,avGFP,S65T:S72A:S147N:N164T:I171S,S147N,147,144.0,0.6328387260437012,ok
98,avGFP,S65T:S72A:S147N:N164T:I171S,N164T,164,161.0,-0.2081400752067566,ok
98,avGFP,S65T:S72A:S147N:N164T:I171S,I171S,171,168.0,1.2861319780349731,ok
99,avGFP,S30C:S65T:S72A:V93F,S30C,30,27.0,-0.4607343077659607,ok
99,avGFP,S30C:S65T:S72A:V93F,S65T,65,,,position_not_covered_in_pdb
99,avGFP,S30C:S65T:S72A:V93F,S72A,72,69.0,-0.1139371395111084,ok
99,avGFP,S30C:S65T:S72A:V93F,V93F,93,90.0,0.5434067249298096,ok
100,avGFP,Y39N:S65T:S72A:Q80R:N105Y,Y39N,39,36.0,0.3181899785995483,ok
100,avGFP,Y39N:S65T:S72A:Q80R:N105Y,S65T,65,,,position_not_covered_in_pdb
100,avGFP,Y39N:S65T:S72A:Q80R:N105Y,S72A,72,69.0,-0.1139371395111084,ok
100,avGFP,Y39N:S65T:S72A:Q80R:N105Y,Q80R,80,77.0,0.0,wt_mismatch(model=R)
100,avGFP,Y39N:S65T:S72A:Q80R:N105Y,N105Y,105,102.0,-0.4423732757568359,ok
101,avGFP,S65T:S72A:K79R:V163A:I167V,S65T,65,,,position_not_covered_in_pdb
101,avGFP,S65T:S72A:K79R:V163A:I167V,S72A,72,69.0,-0.1139371395111084,ok
101,avGFP,S65T:S72A:K79R:V163A:I167V,K79R,79,76.0,0.0784391164779663,ok
101,avGFP,S65T:S72A:K79R:V163A:I167V,V163A,163,160.0,1.538353443145752,ok
101,avGFP,S65T:S72A:K79R:V163A:I167V,I167V,167,164.0,-0.0934518575668335,wt_mismatch(model=T)
102,avGFP,L64M:S65T:S72A:K79R:I167V,L64M,64,61.0,1.309852957725525,ok
102,avGFP,L64M:S65T:S72A:K79R:I167V,S65T,65,,,position_not_covered_in_pdb
102,avGFP,L64M:S65T:S72A:K79R:I167V,S72A,72,69.0,-0.1139371395111084,ok
102,avGFP,L64M:S65T:S72A:K79R:I167V,K79R,79,76.0,0.0784391164779663,ok
102,avGFP,L64M:S65T:S72A:K79R:I167V,I167V,167,164.0,-0.0934518575668335,wt_mismatch(model=T)
103,avGFP,S30C:S65T:S72A:R73L:Q80R:I171S,S30C,30,27.0,-0.4607343077659607,ok
103,avGFP,S30C:S65T:S72A:R73L:Q80R:I171S,S65T,65,,,position_not_covered_in_pdb
103,avGFP,S30C:S65T:S72A:R73L:Q80R:I171S,S72A,72,69.0,-0.1139371395111084,ok
103,avGFP,S30C:S65T:S72A:R73L:Q80R:I171S,R73L,73,70.0,1.3513953685760498,ok
103,avGFP,S30C:S65T:S72A:R73L:Q80R:I171S,Q80R,80,77.0,0.0,wt_mismatch(model=R)
103,avGFP,S30C:S65T:S72A:R73L:Q80R:I171S,I171S,171,168.0,1.2861319780349731,ok
104,avGFP,S65T:S72A:V93F:N105Y:L178V,S65T,65,,,position_not_covered_in_pdb
104,avGFP,S65T:S72A:V93F:N105Y:L178V,S72A,72,69.0,-0.1139371395111084,ok
104,avGFP,S65T:S72A:V93F:N105Y:L178V,V93F,93,90.0,0.5434067249298096,ok
104,avGFP,S65T:S72A:V93F:N105Y:L178V,N105Y,105,102.0,-0.4423732757568359,ok
104,avGFP,S65T:S72A:V93F:N105Y:L178V,L178V,178,175.0,-0.3163850307464599,ok
105,avGFP,S30C:S65T:S72A:V93F:I171S,S30C,30,27.0,-0.4607343077659607,ok
105,avGFP,S30C:S65T:S72A:V93F:I171S,S65T,65,,,position_not_covered_in_pdb
105,avGFP,S30C:S65T:S72A:V93F:I171S,S72A,72,69.0,-0.1139371395111084,ok
105,avGFP,S30C:S65T:S72A:V93F:I171S,V93F,93,90.0,0.5434067249298096,ok
105,avGFP,S30C:S65T:S72A:V93F:I171S,I171S,171,168.0,1.2861319780349731,ok
106,avGFP,S65T:S72A:Q80R:S147N,S65T,65,,,position_not_covered_in_pdb
106,avGFP,S65T:S72A:Q80R:S147N,S72A,72,69.0,-0.1139371395111084,ok
106,avGFP,S65T:S72A:Q80R:S147N,Q80R,80,77.0,0.0,wt_mismatch(model=R)
106,avGFP,S65T:S72A:Q80R:S147N,S147N,147,144.0,0.6328387260437012,ok
107,avGFP,S65T:S72A:N149H:L178V,S65T,65,,,position_not_covered_in_pdb
107,avGFP,S65T:S72A:N149H:L178V,S72A,72,69.0,-0.1139371395111084,ok
107,avGFP,S65T:S72A:N149H:L178V,N149H,149,146.0,-0.1825093626976013,ok
107,avGFP,S65T:S72A:N149H:L178V,L178V,178,175.0,-0.3163850307464599,ok
108,avGFP,S65T:S72A:N149H:I171S,S65T,65,,,position_not_covered_in_pdb
108,avGFP,S65T:S72A:N149H:I171S,S72A,72,69.0,-0.1139371395111084,ok
108,avGFP,S65T:S72A:N149H:I171S,N149H,149,146.0,-0.1825093626976013,ok
108,avGFP,S65T:S72A:N149H:I171S,I171S,171,168.0,1.2861319780349731,ok
109,avGFP,S30C:S65T:S72A:K79R:V93F:A206V,S30C,30,27.0,-0.4607343077659607,ok
109,avGFP,S30C:S65T:S72A:K79R:V93F:A206V,S65T,65,,,position_not_covered_in_pdb
109,avGFP,S30C:S65T:S72A:K79R:V93F:A206V,S72A,72,69.0,-0.1139371395111084,ok
109,avGFP,S30C:S65T:S72A:K79R:V93F:A206V,K79R,79,76.0,0.0784391164779663,ok
109,avGFP,S30C:S65T:S72A:K79R:V93F:A206V,V93F,93,90.0,0.5434067249298096,ok
109,avGFP,S30C:S65T:S72A:K79R:V93F:A206V,A206V,206,203.0,-0.6377350687980652,ok
110,avGFP,S30C:F46Y:S65T:S72A:I171S,S30C,30,27.0,-0.4607343077659607,ok
110,avGFP,S30C:F46Y:S65T:S72A:I171S,F46Y,46,43.0,1.708137035369873,ok
110,avGFP,S30C:F46Y:S65T:S72A:I171S,S65T,65,,,position_not_covered_in_pdb
110,avGFP,S30C:F46Y:S65T:S72A:I171S,S72A,72,69.0,-0.1139371395111084,ok
110,avGFP,S30C:F46Y:S65T:S72A:I171S,I171S,171,168.0,1.2861319780349731,ok
111,avGFP,S65T:S72A:K79R:N164T:I171S,S65T,65,,,position_not_covered_in_pdb
111,avGFP,S65T:S72A:K79R:N164T:I171S,S72A,72,69.0,-0.1139371395111084,ok
111,avGFP,S65T:S72A:K79R:N164T:I171S,K79R,79,76.0,0.0784391164779663,ok
111,avGFP,S65T:S72A:K79R:N164T:I171S,N164T,164,161.0,-0.2081400752067566,ok
111,avGFP,S65T:S72A:K79R:N164T:I171S,I171S,171,168.0,1.2861319780349731,ok
112,avGFP,S65T:S72A:N105Y:I167V,S65T,65,,,position_not_covered_in_pdb
112,avGFP,S65T:S72A:N105Y:I167V,S72A,72,69.0,-0.1139371395111084,ok
112,avGFP,S65T:S72A:N105Y:I167V,N105Y,105,102.0,-0.4423732757568359,ok
112,avGFP,S65T:S72A:N105Y:I167V,I167V,167,164.0,-0.0934518575668335,wt_mismatch(model=T)
113,avGFP,S65T:S72A:N149H:L178V:A206V,S65T,65,,,position_not_covered_in_pdb
113,avGFP,S65T:S72A:N149H:L178V:A206V,S72A,72,69.0,-0.1139371395111084,ok
113,avGFP,S65T:S72A:N149H:L178V:A206V,N149H,149,146.0,-0.1825093626976013,ok
113,avGFP,S65T:S72A:N149H:L178V:A206V,L178V,178,175.0,-0.3163850307464599,ok
113,avGFP,S65T:S72A:N149H:L178V:A206V,A206V,206,203.0,-0.6377350687980652,ok
114,avGFP,S30C:S65T:S72A:K79R,S30C,30,27.0,-0.4607343077659607,ok
114,avGFP,S30C:S65T:S72A:K79R,S65T,65,,,position_not_covered_in_pdb
114,avGFP,S30C:S65T:S72A:K79R,S72A,72,69.0,-0.1139371395111084,ok
114,avGFP,S30C:S65T:S72A:K79R,K79R,79,76.0,0.0784391164779663,ok
115,avGFP,S65T:Q69H:S72A:I171S,S65T,65,,,position_not_covered_in_pdb
115,avGFP,S65T:Q69H:S72A:I171S,Q69H,69,66.0,0.5694892406463623,ok
115,avGFP,S65T:Q69H:S72A:I171S,S72A,72,69.0,-0.1139371395111084,ok
115,avGFP,S65T:Q69H:S72A:I171S,I171S,171,168.0,1.2861319780349731,ok
116,avGFP,S65T:S72A:M153I:I171S:L178V,S65T,65,,,position_not_covered_in_pdb
116,avGFP,S65T:S72A:M153I:I171S:L178V,S72A,72,69.0,-0.1139371395111084,ok
116,avGFP,S65T:S72A:M153I:I171S:L178V,M153I,153,150.0,0.3031327128410339,ok
116,avGFP,S65T:S72A:M153I:I171S:L178V,I171S,171,168.0,1.2861319780349731,ok
116,avGFP,S65T:S72A:M153I:I171S:L178V,L178V,178,175.0,-0.3163850307464599,ok
117,avGFP,S65T:S72A:N105Y:I167V:L178V,S65T,65,,,position_not_covered_in_pdb
117,avGFP,S65T:S72A:N105Y:I167V:L178V,S72A,72,69.0,-0.1139371395111084,ok
117,avGFP,S65T:S72A:N105Y:I167V:L178V,N105Y,105,102.0,-0.4423732757568359,ok
117,avGFP,S65T:S72A:N105Y:I167V:L178V,I167V,167,164.0,-0.0934518575668335,wt_mismatch(model=T)
117,avGFP,S65T:S72A:N105Y:I167V:L178V,L178V,178,175.0,-0.3163850307464599,ok
118,avGFP,S65T:S72A:S202T,S65T,65,,,position_not_covered_in_pdb
118,avGFP,S65T:S72A:S202T,S72A,72,69.0,-0.1139371395111084,ok
118,avGFP,S65T:S72A:S202T,S202T,202,199.0,-0.0239624977111816,ok
119,avGFP,Y39N:S65T:Q69H:S72A:I167V,Y39N,39,36.0,0.3181899785995483,ok
119,avGFP,Y39N:S65T:Q69H:S72A:I167V,S65T,65,,,position_not_covered_in_pdb
119,avGFP,Y39N:S65T:Q69H:S72A:I167V,Q69H,69,66.0,0.5694892406463623,ok
119,avGFP,Y39N:S65T:Q69H:S72A:I167V,S72A,72,69.0,-0.1139371395111084,ok
119,avGFP,Y39N:S65T:Q69H:S72A:I167V,I167V,167,164.0,-0.0934518575668335,wt_mismatch(model=T)
120,avGFP,S65T:S72A:K79R:I167V:L178V,S65T,65,,,position_not_covered_in_pdb
120,avGFP,S65T:S72A:K79R:I167V:L178V,S72A,72,69.0,-0.1139371395111084,ok
120,avGFP,S65T:S72A:K79R:I167V:L178V,K79R,79,76.0,0.0784391164779663,ok
120,avGFP,S65T:S72A:K79R:I167V:L178V,I167V,167,164.0,-0.0934518575668335,wt_mismatch(model=T)
120,avGFP,S65T:S72A:K79R:I167V:L178V,L178V,178,175.0,-0.3163850307464599,ok
121,avGFP,S65T:Q69H:S72A:A206V,S65T,65,,,position_not_covered_in_pdb
121,avGFP,S65T:Q69H:S72A:A206V,Q69H,69,66.0,0.5694892406463623,ok
121,avGFP,S65T:Q69H:S72A:A206V,S72A,72,69.0,-0.1139371395111084,ok
121,avGFP,S65T:Q69H:S72A:A206V,A206V,206,203.0,-0.6377350687980652,ok
122,avGFP,L64M:S65T:S72A,L64M,64,61.0,1.309852957725525,ok
122,avGFP,L64M:S65T:S72A,S65T,65,,,position_not_covered_in_pdb
122,avGFP,L64M:S65T:S72A,S72A,72,69.0,-0.1139371395111084,ok
123,avGFP,S65T:Q69H:S72A:Y145L:I171S,S65T,65,,,position_not_covered_in_pdb
123,avGFP,S65T:Q69H:S72A:Y145L:I171S,Q69H,69,66.0,0.5694892406463623,ok
123,avGFP,S65T:Q69H:S72A:Y145L:I171S,S72A,72,69.0,-0.1139371395111084,ok
123,avGFP,S65T:Q69H:S72A:Y145L:I171S,Y145L,145,142.0,0.7825641632080078,ok
123,avGFP,S65T:Q69H:S72A:Y145L:I171S,I171S,171,168.0,1.2861319780349731,ok
124,avGFP,S65T:S72A:L178V:S202T,S65T,65,,,position_not_covered_in_pdb
124,avGFP,S65T:S72A:L178V:S202T,S72A,72,69.0,-0.1139371395111084,ok
124,avGFP,S65T:S72A:L178V:S202T,L178V,178,175.0,-0.3163850307464599,ok
124,avGFP,S65T:S72A:L178V:S202T,S202T,202,199.0,-0.0239624977111816,ok
125,avGFP,L64M:S65T:S72A:Y145L:I167V,L64M,64,61.0,1.309852957725525,ok
125,avGFP,L64M:S65T:S72A:Y145L:I167V,S65T,65,,,position_not_covered_in_pdb
125,avGFP,L64M:S65T:S72A:Y145L:I167V,S72A,72,69.0,-0.1139371395111084,ok
125,avGFP,L64M:S65T:S72A:Y145L:I167V,Y145L,145,142.0,0.7825641632080078,ok
125,avGFP,L64M:S65T:S72A:Y145L:I167V,I167V,167,164.0,-0.0934518575668335,wt_mismatch(model=T)
126,avGFP,Y39N:S65T:S72A:N105Y:L178V:A206V,Y39N,39,36.0,0.3181899785995483,ok
126,avGFP,Y39N:S65T:S72A:N105Y:L178V:A206V,S65T,65,,,position_not_covered_in_pdb
126,avGFP,Y39N:S65T:S72A:N105Y:L178V:A206V,S72A,72,69.0,-0.1139371395111084,ok
126,avGFP,Y39N:S65T:S72A:N105Y:L178V:A206V,N105Y,105,102.0,-0.4423732757568359,ok
126,avGFP,Y39N:S65T:S72A:N105Y:L178V:A206V,L178V,178,175.0,-0.3163850307464599,ok
126,avGFP,Y39N:S65T:S72A:N105Y:L178V:A206V,A206V,206,203.0,-0.6377350687980652,ok
127,avGFP,S65T:S72A:K79R:N149H,S65T,65,,,position_not_covered_in_pdb
127,avGFP,S65T:S72A:K79R:N149H,S72A,72,69.0,-0.1139371395111084,ok
127,avGFP,S65T:S72A:K79R:N149H,K79R,79,76.0,0.0784391164779663,ok
127,avGFP,S65T:S72A:K79R:N149H,N149H,149,146.0,-0.1825093626976013,ok
128,sfGFP,S65T:S72A:K79R:N105Y:M153I,S65T,65,,,position_not_covered_in_pdb
128,sfGFP,S65T:S72A:K79R:N105Y:M153I,S72A,72,70.0,-0.096521258354187,ok
128,sfGFP,S65T:S72A:K79R:N105Y:M153I,K79R,79,77.0,0.1913878917694091,ok
128,sfGFP,S65T:S72A:K79R:N105Y:M153I,N105Y,105,103.0,0.2251372337341308,wt_mismatch(model=T)
128,sfGFP,S65T:S72A:K79R:N105Y:M153I,M153I,153,151.0,0.4248837232589721,wt_mismatch(model=T)
129,avGFP,F46Y:S65T:S72A:I167V:I171S,F46Y,46,43.0,1.708137035369873,ok
129,avGFP,F46Y:S65T:S72A:I167V:I171S,S65T,65,,,position_not_covered_in_pdb
129,avGFP,F46Y:S65T:S72A:I167V:I171S,S72A,72,69.0,-0.1139371395111084,ok
129,avGFP,F46Y:S65T:S72A:I167V:I171S,I167V,167,164.0,-0.0934518575668335,wt_mismatch(model=T)
129,avGFP,F46Y:S65T:S72A:I167V:I171S,I171S,171,168.0,1.2861319780349731,ok
130,avGFP,S65T:S72A:V93F:F99C:I171S,S65T,65,,,position_not_covered_in_pdb
130,avGFP,S65T:S72A:V93F:F99C:I171S,S72A,72,69.0,-0.1139371395111084,ok
130,avGFP,S65T:S72A:V93F:F99C:I171S,V93F,93,90.0,0.5434067249298096,ok
130,avGFP,S65T:S72A:V93F:F99C:I171S,F99C,99,96.0,0.1687479019165039,ok
130,avGFP,S65T:S72A:V93F:F99C:I171S,I171S,171,168.0,1.2861319780349731,ok
131,avGFP,S65T:S72A:N149H:I167V:I171S,S65T,65,,,position_not_covered_in_pdb
131,avGFP,S65T:S72A:N149H:I167V:I171S,S72A,72,69.0,-0.1139371395111084,ok
131,avGFP,S65T:S72A:N149H:I167V:I171S,N149H,149,146.0,-0.1825093626976013,ok
131,avGFP,S65T:S72A:N149H:I167V:I171S,I167V,167,164.0,-0.0934518575668335,wt_mismatch(model=T)
131,avGFP,S65T:S72A:N149H:I167V:I171S,I171S,171,168.0,1.2861319780349731,ok
132,avGFP,S65T:S72A:L178V:H231Y,S65T,65,,,position_not_covered_in_pdb
132,avGFP,S65T:S72A:L178V:H231Y,S72A,72,69.0,-0.1139371395111084,ok
132,avGFP,S65T:S72A:L178V:H231Y,L178V,178,175.0,-0.3163850307464599,ok
132,avGFP,S65T:S72A:L178V:H231Y,H231Y,231,228.0,0.0591152906417846,ok
133,avGFP,S65T:S72A:V93F:F99C:S147N,S65T,65,,,position_not_covered_in_pdb
133,avGFP,S65T:S72A:V93F:F99C:S147N,S72A,72,69.0,-0.1139371395111084,ok
133,avGFP,S65T:S72A:V93F:F99C:S147N,V93F,93,90.0,0.5434067249298096,ok
133,avGFP,S65T:S72A:V93F:F99C:S147N,F99C,99,96.0,0.1687479019165039,ok
133,avGFP,S65T:S72A:V93F:F99C:S147N,S147N,147,144.0,0.6328387260437012,ok
134,avGFP,S65T:S72A:M153I:I171S,S65T,65,,,position_not_covered_in_pdb
134,avGFP,S65T:S72A:M153I:I171S,S72A,72,69.0,-0.1139371395111084,ok
134,avGFP,S65T:S72A:M153I:I171S,M153I,153,150.0,0.3031327128410339,ok
134,avGFP,S65T:S72A:M153I:I171S,I171S,171,168.0,1.2861319780349731,ok
135,avGFP,S65T:S72A:V163A,S65T,65,,,position_not_covered_in_pdb
135,avGFP,S65T:S72A:V163A,S72A,72,69.0,-0.1139371395111084,ok
135,avGFP,S65T:S72A:V163A,V163A,163,160.0,1.538353443145752,ok
136,avGFP,Y39N:L64M:S65T:S72A:M153I,Y39N,39,36.0,0.3181899785995483,ok
136,avGFP,Y39N:L64M:S65T:S72A:M153I,L64M,64,61.0,1.309852957725525,ok
136,avGFP,Y39N:L64M:S65T:S72A:M153I,S65T,65,,,position_not_covered_in_pdb
136,avGFP,Y39N:L64M:S65T:S72A:M153I,S72A,72,69.0,-0.1139371395111084,ok
136,avGFP,Y39N:L64M:S65T:S72A:M153I,M153I,153,150.0,0.3031327128410339,ok
137,avGFP,S65T:S72A:L178V:T203I,S65T,65,,,position_not_covered_in_pdb
137,avGFP,S65T:S72A:L178V:T203I,S72A,72,69.0,-0.1139371395111084,ok
137,avGFP,S65T:S72A:L178V:T203I,L178V,178,175.0,-0.3163850307464599,ok
137,avGFP,S65T:S72A:L178V:T203I,T203I,203,200.0,-0.0429912805557251,ok
138,avGFP,S65T:S72A:N164T:I171S,S65T,65,,,position_not_covered_in_pdb
138,avGFP,S65T:S72A:N164T:I171S,S72A,72,69.0,-0.1139371395111084,ok
138,avGFP,S65T:S72A:N164T:I171S,N164T,164,161.0,-0.2081400752067566,ok
138,avGFP,S65T:S72A:N164T:I171S,I171S,171,168.0,1.2861319780349731,ok
139,avGFP,S65T:S72A:N149H:I171S:A206V,S65T,65,,,position_not_covered_in_pdb
139,avGFP,S65T:S72A:N149H:I171S:A206V,S72A,72,69.0,-0.1139371395111084,ok
139,avGFP,S65T:S72A:N149H:I171S:A206V,N149H,149,146.0,-0.1825093626976013,ok
139,avGFP,S65T:S72A:N149H:I171S:A206V,I171S,171,168.0,1.2861319780349731,ok
139,avGFP,S65T:S72A:N149H:I171S:A206V,A206V,206,203.0,-0.6377350687980652,ok
140,avGFP,S65T:S72A:V163A:I167V:L178V,S65T,65,,,position_not_covered_in_pdb
140,avGFP,S65T:S72A:V163A:I167V:L178V,S72A,72,69.0,-0.1139371395111084,ok
140,avGFP,S65T:S72A:V163A:I167V:L178V,V163A,163,160.0,1.538353443145752,ok
140,avGFP,S65T:S72A:V163A:I167V:L178V,I167V,167,164.0,-0.0934518575668335,wt_mismatch(model=T)
140,avGFP,S65T:S72A:V163A:I167V:L178V,L178V,178,175.0,-0.3163850307464599,ok
141,avGFP,S65T:S72A:K79R:S147N:I167V,S65T,65,,,position_not_covered_in_pdb
141,avGFP,S65T:S72A:K79R:S147N:I167V,S72A,72,69.0,-0.1139371395111084,ok
141,avGFP,S65T:S72A:K79R:S147N:I167V,K79R,79,76.0,0.0784391164779663,ok
141,avGFP,S65T:S72A:K79R:S147N:I167V,S147N,147,144.0,0.6328387260437012,ok
141,avGFP,S65T:S72A:K79R:S147N:I167V,I167V,167,164.0,-0.0934518575668335,wt_mismatch(model=T)
142,avGFP,L64M:S65T:S72A:Y145L:S147N:I171S,L64M,64,61.0,1.309852957725525,ok
142,avGFP,L64M:S65T:S72A:Y145L:S147N:I171S,S65T,65,,,position_not_covered_in_pdb
142,avGFP,L64M:S65T:S72A:Y145L:S147N:I171S,S72A,72,69.0,-0.1139371395111084,ok
142,avGFP,L64M:S65T:S72A:Y145L:S147N:I171S,Y145L,145,142.0,0.7825641632080078,ok
142,avGFP,L64M:S65T:S72A:Y145L:S147N:I171S,S147N,147,144.0,0.6328387260437012,ok
142,avGFP,L64M:S65T:S72A:Y145L:S147N:I171S,I171S,171,168.0,1.2861319780349731,ok
143,avGFP,S30C:F46Y:S65T:S72A,S30C,30,27.0,-0.4607343077659607,ok
143,avGFP,S30C:F46Y:S65T:S72A,F46Y,46,43.0,1.708137035369873,ok
143,avGFP,S30C:F46Y:S65T:S72A,S65T,65,,,position_not_covered_in_pdb
143,avGFP,S30C:F46Y:S65T:S72A,S72A,72,69.0,-0.1139371395111084,ok
144,avGFP,Y39N:S65T:S72A:N149H:I167V,Y39N,39,36.0,0.3181899785995483,ok
144,avGFP,Y39N:S65T:S72A:N149H:I167V,S65T,65,,,position_not_covered_in_pdb
144,avGFP,Y39N:S65T:S72A:N149H:I167V,S72A,72,69.0,-0.1139371395111084,ok
144,avGFP,Y39N:S65T:S72A:N149H:I167V,N149H,149,146.0,-0.1825093626976013,ok
144,avGFP,Y39N:S65T:S72A:N149H:I167V,I167V,167,164.0,-0.0934518575668335,wt_mismatch(model=T)
145,avGFP,L64M:S65T:S72A:Y145L:I171S,L64M,64,61.0,1.309852957725525,ok
145,avGFP,L64M:S65T:S72A:Y145L:I171S,S65T,65,,,position_not_covered_in_pdb
145,avGFP,L64M:S65T:S72A:Y145L:I171S,S72A,72,69.0,-0.1139371395111084,ok
145,avGFP,L64M:S65T:S72A:Y145L:I171S,Y145L,145,142.0,0.7825641632080078,ok
145,avGFP,L64M:S65T:S72A:Y145L:I171S,I171S,171,168.0,1.2861319780349731,ok
146,avGFP,S65T:S72A:M153I:I171S:S202T,S65T,65,,,position_not_covered_in_pdb
146,avGFP,S65T:S72A:M153I:I171S:S202T,S72A,72,69.0,-0.1139371395111084,ok
146,avGFP,S65T:S72A:M153I:I171S:S202T,M153I,153,150.0,0.3031327128410339,ok
146,avGFP,S65T:S72A:M153I:I171S:S202T,I171S,171,168.0,1.2861319780349731,ok
146,avGFP,S65T:S72A:M153I:I171S:S202T,S202T,202,199.0,-0.0239624977111816,ok
147,avGFP,S65T:S72A:Y145L:S147N:I171S,S65T,65,,,position_not_covered_in_pdb
147,avGFP,S65T:S72A:Y145L:S147N:I171S,S72A,72,69.0,-0.1139371395111084,ok
147,avGFP,S65T:S72A:Y145L:S147N:I171S,Y145L,145,142.0,0.7825641632080078,ok
147,avGFP,S65T:S72A:Y145L:S147N:I171S,S147N,147,144.0,0.6328387260437012,ok
147,avGFP,S65T:S72A:Y145L:S147N:I171S,I171S,171,168.0,1.2861319780349731,ok
148,avGFP,L64M:S65T:S72A:K79R,L64M,64,61.0,1.309852957725525,ok
148,avGFP,L64M:S65T:S72A:K79R,S65T,65,,,position_not_covered_in_pdb
148,avGFP,L64M:S65T:S72A:K79R,S72A,72,69.0,-0.1139371395111084,ok
148,avGFP,L64M:S65T:S72A:K79R,K79R,79,76.0,0.0784391164779663,ok
149,avGFP,S65T:S72A:N105Y:V163A:I171S,S65T,65,,,position_not_covered_in_pdb
149,avGFP,S65T:S72A:N105Y:V163A:I171S,S72A,72,69.0,-0.1139371395111084,ok
149,avGFP,S65T:S72A:N105Y:V163A:I171S,N105Y,105,102.0,-0.4423732757568359,ok
149,avGFP,S65T:S72A:N105Y:V163A:I171S,V163A,163,160.0,1.538353443145752,ok
149,avGFP,S65T:S72A:N105Y:V163A:I171S,I171S,171,168.0,1.2861319780349731,ok
150,avGFP,S65T:S72A:S147N:I167V:L178V,S65T,65,,,position_not_covered_in_pdb
150,avGFP,S65T:S72A:S147N:I167V:L178V,S72A,72,69.0,-0.1139371395111084,ok
150,avGFP,S65T:S72A:S147N:I167V:L178V,S147N,147,144.0,0.6328387260437012,ok
150,avGFP,S65T:S72A:S147N:I167V:L178V,I167V,167,164.0,-0.0934518575668335,wt_mismatch(model=T)
150,avGFP,S65T:S72A:S147N:I167V:L178V,L178V,178,175.0,-0.3163850307464599,ok
151,avGFP,S30C:S65T:S72A:V93F:S147N:A206V,S30C,30,27.0,-0.4607343077659607,ok
151,avGFP,S30C:S65T:S72A:V93F:S147N:A206V,S65T,65,,,position_not_covered_in_pdb
151,avGFP,S30C:S65T:S72A:V93F:S147N:A206V,S72A,72,69.0,-0.1139371395111084,ok
151,avGFP,S30C:S65T:S72A:V93F:S147N:A206V,V93F,93,90.0,0.5434067249298096,ok
151,avGFP,S30C:S65T:S72A:V93F:S147N:A206V,S147N,147,144.0,0.6328387260437012,ok
151,avGFP,S30C:S65T:S72A:V93F:S147N:A206V,A206V,206,203.0,-0.6377350687980652,ok
152,avGFP,S65T:S72A:K79R:N105Y:S202T,S65T,65,,,position_not_covered_in_pdb
152,avGFP,S65T:S72A:K79R:N105Y:S202T,S72A,72,69.0,-0.1139371395111084,ok
152,avGFP,S65T:S72A:K79R:N105Y:S202T,K79R,79,76.0,0.0784391164779663,ok
152,avGFP,S65T:S72A:K79R:N105Y:S202T,N105Y,105,102.0,-0.4423732757568359,ok
152,avGFP,S65T:S72A:K79R:N105Y:S202T,S202T,202,199.0,-0.0239624977111816,ok
153,avGFP,S65T:Q69H:S72A:M153I:A206V,S65T,65,,,position_not_covered_in_pdb
153,avGFP,S65T:Q69H:S72A:M153I:A206V,Q69H,69,66.0,0.5694892406463623,ok
153,avGFP,S65T:Q69H:S72A:M153I:A206V,S72A,72,69.0,-0.1139371395111084,ok
153,avGFP,S65T:Q69H:S72A:M153I:A206V,M153I,153,150.0,0.3031327128410339,ok
153,avGFP,S65T:Q69H:S72A:M153I:A206V,A206V,206,203.0,-0.6377350687980652,ok
154,avGFP,Y39N:S65T:S72A:N149H,Y39N,39,36.0,0.3181899785995483,ok
154,avGFP,Y39N:S65T:S72A:N149H,S65T,65,,,position_not_covered_in_pdb
154,avGFP,Y39N:S65T:S72A:N149H,S72A,72,69.0,-0.1139371395111084,ok
154,avGFP,Y39N:S65T:S72A:N149H,N149H,149,146.0,-0.1825093626976013,ok
155,avGFP,S65T:S72A:M153I,S65T,65,,,position_not_covered_in_pdb
155,avGFP,S65T:S72A:M153I,S72A,72,69.0,-0.1139371395111084,ok
155,avGFP,S65T:S72A:M153I,M153I,153,150.0,0.3031327128410339,ok
156,avGFP,S65T:S72A:V93F:L178V,S65T,65,,,position_not_covered_in_pdb
156,avGFP,S65T:S72A:V93F:L178V,S72A,72,69.0,-0.1139371395111084,ok
156,avGFP,S65T:S72A:V93F:L178V,V93F,93,90.0,0.5434067249298096,ok
156,avGFP,S65T:S72A:V93F:L178V,L178V,178,175.0,-0.3163850307464599,ok
157,avGFP,S65T:S72A:M153I:V163A:L178V,S65T,65,,,position_not_covered_in_pdb
157,avGFP,S65T:S72A:M153I:V163A:L178V,S72A,72,69.0,-0.1139371395111084,ok
157,avGFP,S65T:S72A:M153I:V163A:L178V,M153I,153,150.0,0.3031327128410339,ok
157,avGFP,S65T:S72A:M153I:V163A:L178V,V163A,163,160.0,1.538353443145752,ok
157,avGFP,S65T:S72A:M153I:V163A:L178V,L178V,178,175.0,-0.3163850307464599,ok
158,avGFP,F46Y:S65T:S72A:Y145L:I167V:I171S,F46Y,46,43.0,1.708137035369873,ok
158,avGFP,F46Y:S65T:S72A:Y145L:I167V:I171S,S65T,65,,,position_not_covered_in_pdb
158,avGFP,F46Y:S65T:S72A:Y145L:I167V:I171S,S72A,72,69.0,-0.1139371395111084,ok
158,avGFP,F46Y:S65T:S72A:Y145L:I167V:I171S,Y145L,145,142.0,0.7825641632080078,ok
158,avGFP,F46Y:S65T:S72A:Y145L:I167V:I171S,I167V,167,164.0,-0.0934518575668335,wt_mismatch(model=T)
158,avGFP,F46Y:S65T:S72A:Y145L:I167V:I171S,I171S,171,168.0,1.2861319780349731,ok
159,avGFP,S65T:Q69H:S72A:R73L:Q80R:L178V,S65T,65,,,position_not_covered_in_pdb
159,avGFP,S65T:Q69H:S72A:R73L:Q80R:L178V,Q69H,69,66.0,0.5694892406463623,ok
159,avGFP,S65T:Q69H:S72A:R73L:Q80R:L178V,S72A,72,69.0,-0.1139371395111084,ok
159,avGFP,S65T:Q69H:S72A:R73L:Q80R:L178V,R73L,73,70.0,1.3513953685760498,ok
159,avGFP,S65T:Q69H:S72A:R73L:Q80R:L178V,Q80R,80,77.0,0.0,wt_mismatch(model=R)
159,avGFP,S65T:Q69H:S72A:R73L:Q80R:L178V,L178V,178,175.0,-0.3163850307464599,ok
160,avGFP,S65T:Q69H:S72A:K79R:S202T,S65T,65,,,position_not_covered_in_pdb
160,avGFP,S65T:Q69H:S72A:K79R:S202T,Q69H,69,66.0,0.5694892406463623,ok
160,avGFP,S65T:Q69H:S72A:K79R:S202T,S72A,72,69.0,-0.1139371395111084,ok
160,avGFP,S65T:Q69H:S72A:K79R:S202T,K79R,79,76.0,0.0784391164779663,ok
160,avGFP,S65T:Q69H:S72A:K79R:S202T,S202T,202,199.0,-0.0239624977111816,ok
161,avGFP,S65T:S72A:K79R:N149H:I171S,S65T,65,,,position_not_covered_in_pdb
161,avGFP,S65T:S72A:K79R:N149H:I171S,S72A,72,69.0,-0.1139371395111084,ok
161,avGFP,S65T:S72A:K79R:N149H:I171S,K79R,79,76.0,0.0784391164779663,ok
161,avGFP,S65T:S72A:K79R:N149H:I171S,N149H,149,146.0,-0.1825093626976013,ok
161,avGFP,S65T:S72A:K79R:N149H:I171S,I171S,171,168.0,1.2861319780349731,ok
162,avGFP,S65T:S72A:S147N:V163A:L178V:A206V,S65T,65,,,position_not_covered_in_pdb
162,avGFP,S65T:S72A:S147N:V163A:L178V:A206V,S72A,72,69.0,-0.1139371395111084,ok
162,avGFP,S65T:S72A:S147N:V163A:L178V:A206V,S147N,147,144.0,0.6328387260437012,ok
162,avGFP,S65T:S72A:S147N:V163A:L178V:A206V,V163A,163,160.0,1.538353443145752,ok
162,avGFP,S65T:S72A:S147N:V163A:L178V:A206V,L178V,178,175.0,-0.3163850307464599,ok
162,avGFP,S65T:S72A:S147N:V163A:L178V:A206V,A206V,206,203.0,-0.6377350687980652,ok
163,avGFP,S30C:S65T:S72A:S147N:V163A:I171S,S30C,30,27.0,-0.4607343077659607,ok
163,avGFP,S30C:S65T:S72A:S147N:V163A:I171S,S65T,65,,,position_not_covered_in_pdb
163,avGFP,S30C:S65T:S72A:S147N:V163A:I171S,S72A,72,69.0,-0.1139371395111084,ok
163,avGFP,S30C:S65T:S72A:S147N:V163A:I171S,S147N,147,144.0,0.6328387260437012,ok
163,avGFP,S30C:S65T:S72A:S147N:V163A:I171S,V163A,163,160.0,1.538353443145752,ok
163,avGFP,S30C:S65T:S72A:S147N:V163A:I171S,I171S,171,168.0,1.2861319780349731,ok
164,avGFP,Y39N:S65T:S72A:K79R:N149H:L178V,Y39N,39,36.0,0.3181899785995483,ok
164,avGFP,Y39N:S65T:S72A:K79R:N149H:L178V,S65T,65,,,position_not_covered_in_pdb
164,avGFP,Y39N:S65T:S72A:K79R:N149H:L178V,S72A,72,69.0,-0.1139371395111084,ok
164,avGFP,Y39N:S65T:S72A:K79R:N149H:L178V,K79R,79,76.0,0.0784391164779663,ok
164,avGFP,Y39N:S65T:S72A:K79R:N149H:L178V,N149H,149,146.0,-0.1825093626976013,ok
164,avGFP,Y39N:S65T:S72A:K79R:N149H:L178V,L178V,178,175.0,-0.3163850307464599,ok
165,avGFP,Y39N:S65T:S72A:N105Y:S147N:T203I,Y39N,39,36.0,0.3181899785995483,ok
165,avGFP,Y39N:S65T:S72A:N105Y:S147N:T203I,S65T,65,,,position_not_covered_in_pdb
165,avGFP,Y39N:S65T:S72A:N105Y:S147N:T203I,S72A,72,69.0,-0.1139371395111084,ok
165,avGFP,Y39N:S65T:S72A:N105Y:S147N:T203I,N105Y,105,102.0,-0.4423732757568359,ok
165,avGFP,Y39N:S65T:S72A:N105Y:S147N:T203I,S147N,147,144.0,0.6328387260437012,ok
165,avGFP,Y39N:S65T:S72A:N105Y:S147N:T203I,T203I,203,200.0,-0.0429912805557251,ok
166,avGFP,S65T:S72A:N149H:M153I:L178V:A206V,S65T,65,,,position_not_covered_in_pdb
166,avGFP,S65T:S72A:N149H:M153I:L178V:A206V,S72A,72,69.0,-0.1139371395111084,ok
166,avGFP,S65T:S72A:N149H:M153I:L178V:A206V,N149H,149,146.0,-0.1825093626976013,ok
166,avGFP,S65T:S72A:N149H:M153I:L178V:A206V,M153I,153,150.0,0.3031327128410339,ok
166,avGFP,S65T:S72A:N149H:M153I:L178V:A206V,L178V,178,175.0,-0.3163850307464599,ok
166,avGFP,S65T:S72A:N149H:M153I:L178V:A206V,A206V,206,203.0,-0.6377350687980652,ok
167,avGFP,S65T:S72A:K79R:V163A:L178V,S65T,65,,,position_not_covered_in_pdb
167,avGFP,S65T:S72A:K79R:V163A:L178V,S72A,72,69.0,-0.1139371395111084,ok
167,avGFP,S65T:S72A:K79R:V163A:L178V,K79R,79,76.0,0.0784391164779663,ok
167,avGFP,S65T:S72A:K79R:V163A:L178V,V163A,163,160.0,1.538353443145752,ok
167,avGFP,S65T:S72A:K79R:V163A:L178V,L178V,178,175.0,-0.3163850307464599,ok
168,avGFP,S65T:S72A:I171S:A206V,S65T,65,,,position_not_covered_in_pdb
168,avGFP,S65T:S72A:I171S:A206V,S72A,72,69.0,-0.1139371395111084,ok
168,avGFP,S65T:S72A:I171S:A206V,I171S,171,168.0,1.2861319780349731,ok
168,avGFP,S65T:S72A:I171S:A206V,A206V,206,203.0,-0.6377350687980652,ok
169,avGFP,S65T:S72A:V163A:I171S,S65T,65,,,position_not_covered_in_pdb
169,avGFP,S65T:S72A:V163A:I171S,S72A,72,69.0,-0.1139371395111084,ok
169,avGFP,S65T:S72A:V163A:I171S,V163A,163,160.0,1.538353443145752,ok
169,avGFP,S65T:S72A:V163A:I171S,I171S,171,168.0,1.2861319780349731,ok
170,avGFP,S65T:S72A:Q80R:N105Y:L178V,S65T,65,,,position_not_covered_in_pdb
170,avGFP,S65T:S72A:Q80R:N105Y:L178V,S72A,72,69.0,-0.1139371395111084,ok
170,avGFP,S65T:S72A:Q80R:N105Y:L178V,Q80R,80,77.0,0.0,wt_mismatch(model=R)
170,avGFP,S65T:S72A:Q80R:N105Y:L178V,N105Y,105,102.0,-0.4423732757568359,ok
170,avGFP,S65T:S72A:Q80R:N105Y:L178V,L178V,178,175.0,-0.3163850307464599,ok
171,avGFP,S30C:S65T:S72A:M153I:A206V,S30C,30,27.0,-0.4607343077659607,ok
171,avGFP,S30C:S65T:S72A:M153I:A206V,S65T,65,,,position_not_covered_in_pdb
171,avGFP,S30C:S65T:S72A:M153I:A206V,S72A,72,69.0,-0.1139371395111084,ok
171,avGFP,S30C:S65T:S72A:M153I:A206V,M153I,153,150.0,0.3031327128410339,ok
171,avGFP,S30C:S65T:S72A:M153I:A206V,A206V,206,203.0,-0.6377350687980652,ok
172,avGFP,S65T:S72A:V163A:I167V,S65T,65,,,position_not_covered_in_pdb
172,avGFP,S65T:S72A:V163A:I167V,S72A,72,69.0,-0.1139371395111084,ok
172,avGFP,S65T:S72A:V163A:I167V,V163A,163,160.0,1.538353443145752,ok
172,avGFP,S65T:S72A:V163A:I167V,I167V,167,164.0,-0.0934518575668335,wt_mismatch(model=T)
173,avGFP,S65T:S72A:S147N:M153I,S65T,65,,,position_not_covered_in_pdb
173,avGFP,S65T:S72A:S147N:M153I,S72A,72,69.0,-0.1139371395111084,ok
173,avGFP,S65T:S72A:S147N:M153I,S147N,147,144.0,0.6328387260437012,ok
173,avGFP,S65T:S72A:S147N:M153I,M153I,153,150.0,0.3031327128410339,ok
174,avGFP,S65T:S72A:K79R:I167V:I171S:S202T,S65T,65,,,position_not_covered_in_pdb
174,avGFP,S65T:S72A:K79R:I167V:I171S:S202T,S72A,72,69.0,-0.1139371395111084,ok
174,avGFP,S65T:S72A:K79R:I167V:I171S:S202T,K79R,79,76.0,0.0784391164779663,ok
174,avGFP,S65T:S72A:K79R:I167V:I171S:S202T,I167V,167,164.0,-0.0934518575668335,wt_mismatch(model=T)
174,avGFP,S65T:S72A:K79R:I167V:I171S:S202T,I171S,171,168.0,1.2861319780349731,ok
174,avGFP,S65T:S72A:K79R:I167V:I171S:S202T,S202T,202,199.0,-0.0239624977111816,ok
175,avGFP,L64M:S65T:S72A:Y145L,L64M,64,61.0,1.309852957725525,ok
175,avGFP,L64M:S65T:S72A:Y145L,S65T,65,,,position_not_covered_in_pdb
175,avGFP,L64M:S65T:S72A:Y145L,S72A,72,69.0,-0.1139371395111084,ok
175,avGFP,L64M:S65T:S72A:Y145L,Y145L,145,142.0,0.7825641632080078,ok
176,avGFP,F46Y:S65T:S72A:I167V,F46Y,46,43.0,1.708137035369873,ok
176,avGFP,F46Y:S65T:S72A:I167V,S65T,65,,,position_not_covered_in_pdb
176,avGFP,F46Y:S65T:S72A:I167V,S72A,72,69.0,-0.1139371395111084,ok
176,avGFP,F46Y:S65T:S72A:I167V,I167V,167,164.0,-0.0934518575668335,wt_mismatch(model=T)
177,avGFP,L64M:S65T:S72A:N105Y:M153I,L64M,64,61.0,1.309852957725525,ok
177,avGFP,L64M:S65T:S72A:N105Y:M153I,S65T,65,,,position_not_covered_in_pdb
177,avGFP,L64M:S65T:S72A:N105Y:M153I,S72A,72,69.0,-0.1139371395111084,ok
177,avGFP,L64M:S65T:S72A:N105Y:M153I,N105Y,105,102.0,-0.4423732757568359,ok
177,avGFP,L64M:S65T:S72A:N105Y:M153I,M153I,153,150.0,0.3031327128410339,ok
178,avGFP,S65T:S72A:R73L:Q80R:L178V,S65T,65,,,position_not_covered_in_pdb
178,avGFP,S65T:S72A:R73L:Q80R:L178V,S72A,72,69.0,-0.1139371395111084,ok
178,avGFP,S65T:S72A:R73L:Q80R:L178V,R73L,73,70.0,1.3513953685760498,ok
178,avGFP,S65T:S72A:R73L:Q80R:L178V,Q80R,80,77.0,0.0,wt_mismatch(model=R)
178,avGFP,S65T:S72A:R73L:Q80R:L178V,L178V,178,175.0,-0.3163850307464599,ok
179,avGFP,L64M:S65T:S72A:M153I:I167V,L64M,64,61.0,1.309852957725525,ok
179,avGFP,L64M:S65T:S72A:M153I:I167V,S65T,65,,,position_not_covered_in_pdb
179,avGFP,L64M:S65T:S72A:M153I:I167V,S72A,72,69.0,-0.1139371395111084,ok
179,avGFP,L64M:S65T:S72A:M153I:I167V,M153I,153,150.0,0.3031327128410339,ok
179,avGFP,L64M:S65T:S72A:M153I:I167V,I167V,167,164.0,-0.0934518575668335,wt_mismatch(model=T)
180,avGFP,Y39N:S65T:S72A:L178V,Y39N,39,36.0,0.3181899785995483,ok
180,avGFP,Y39N:S65T:S72A:L178V,S65T,65,,,position_not_covered_in_pdb
180,avGFP,Y39N:S65T:S72A:L178V,S72A,72,69.0,-0.1139371395111084,ok
180,avGFP,Y39N:S65T:S72A:L178V,L178V,178,175.0,-0.3163850307464599,ok
181,avGFP,S65T:Q69H:S72A,S65T,65,,,position_not_covered_in_pdb
181,avGFP,S65T:Q69H:S72A,Q69H,69,66.0,0.5694892406463623,ok
181,avGFP,S65T:Q69H:S72A,S72A,72,69.0,-0.1139371395111084,ok
182,avGFP,S65T:S72A:Q80R:A206V,S65T,65,,,position_not_covered_in_pdb
182,avGFP,S65T:S72A:Q80R:A206V,S72A,72,69.0,-0.1139371395111084,ok
182,avGFP,S65T:S72A:Q80R:A206V,Q80R,80,77.0,0.0,wt_mismatch(model=R)
182,avGFP,S65T:S72A:Q80R:A206V,A206V,206,203.0,-0.6377350687980652,ok
183,avGFP,Y39N:F46Y:S65T:S72A:L178V,Y39N,39,36.0,0.3181899785995483,ok
183,avGFP,Y39N:F46Y:S65T:S72A:L178V,F46Y,46,43.0,1.708137035369873,ok
183,avGFP,Y39N:F46Y:S65T:S72A:L178V,S65T,65,,,position_not_covered_in_pdb
183,avGFP,Y39N:F46Y:S65T:S72A:L178V,S72A,72,69.0,-0.1139371395111084,ok
183,avGFP,Y39N:F46Y:S65T:S72A:L178V,L178V,178,175.0,-0.3163850307464599,ok
184,avGFP,S30C:S65T:S72A:V93F:I167V:S202T,S30C,30,27.0,-0.4607343077659607,ok
184,avGFP,S30C:S65T:S72A:V93F:I167V:S202T,S65T,65,,,position_not_covered_in_pdb
184,avGFP,S30C:S65T:S72A:V93F:I167V:S202T,S72A,72,69.0,-0.1139371395111084,ok
184,avGFP,S30C:S65T:S72A:V93F:I167V:S202T,V93F,93,90.0,0.5434067249298096,ok
184,avGFP,S30C:S65T:S72A:V93F:I167V:S202T,I167V,167,164.0,-0.0934518575668335,wt_mismatch(model=T)
184,avGFP,S30C:S65T:S72A:V93F:I167V:S202T,S202T,202,199.0,-0.0239624977111816,ok
185,avGFP,S65T:S72A:N149H:H231Y,S65T,65,,,position_not_covered_in_pdb
185,avGFP,S65T:S72A:N149H:H231Y,S72A,72,69.0,-0.1139371395111084,ok
185,avGFP,S65T:S72A:N149H:H231Y,N149H,149,146.0,-0.1825093626976013,ok
185,avGFP,S65T:S72A:N149H:H231Y,H231Y,231,228.0,0.0591152906417846,ok
186,avGFP,S65T:S72A:R73L:Q80R:I167V:I171S,S65T,65,,,position_not_covered_in_pdb
186,avGFP,S65T:S72A:R73L:Q80R:I167V:I171S,S72A,72,69.0,-0.1139371395111084,ok
186,avGFP,S65T:S72A:R73L:Q80R:I167V:I171S,R73L,73,70.0,1.3513953685760498,ok
186,avGFP,S65T:S72A:R73L:Q80R:I167V:I171S,Q80R,80,77.0,0.0,wt_mismatch(model=R)
186,avGFP,S65T:S72A:R73L:Q80R:I167V:I171S,I167V,167,164.0,-0.0934518575668335,wt_mismatch(model=T)
186,avGFP,S65T:S72A:R73L:Q80R:I167V:I171S,I171S,171,168.0,1.2861319780349731,ok
187,avGFP,S65T:S72A:F99C:S147N,S65T,65,,,position_not_covered_in_pdb
187,avGFP,S65T:S72A:F99C:S147N,S72A,72,69.0,-0.1139371395111084,ok
187,avGFP,S65T:S72A:F99C:S147N,F99C,99,96.0,0.1687479019165039,ok
187,avGFP,S65T:S72A:F99C:S147N,S147N,147,144.0,0.6328387260437012,ok
188,avGFP,L64M:S65T:S72A:M153I:I167V:I171S,L64M,64,61.0,1.309852957725525,ok
188,avGFP,L64M:S65T:S72A:M153I:I167V:I171S,S65T,65,,,position_not_covered_in_pdb
188,avGFP,L64M:S65T:S72A:M153I:I167V:I171S,S72A,72,69.0,-0.1139371395111084,ok
188,avGFP,L64M:S65T:S72A:M153I:I167V:I171S,M153I,153,150.0,0.3031327128410339,ok
188,avGFP,L64M:S65T:S72A:M153I:I167V:I171S,I167V,167,164.0,-0.0934518575668335,wt_mismatch(model=T)
188,avGFP,L64M:S65T:S72A:M153I:I167V:I171S,I171S,171,168.0,1.2861319780349731,ok
189,avGFP,Y39N:S65T:S72A:M153I:I167V,Y39N,39,36.0,0.3181899785995483,ok
189,avGFP,Y39N:S65T:S72A:M153I:I167V,S65T,65,,,position_not_covered_in_pdb
189,avGFP,Y39N:S65T:S72A:M153I:I167V,S72A,72,69.0,-0.1139371395111084,ok
189,avGFP,Y39N:S65T:S72A:M153I:I167V,M153I,153,150.0,0.3031327128410339,ok
189,avGFP,Y39N:S65T:S72A:M153I:I167V,I167V,167,164.0,-0.0934518575668335,wt_mismatch(model=T)
190,avGFP,S30C:S65T:S72A:N149H:M153I:I171S,S30C,30,27.0,-0.4607343077659607,ok
190,avGFP,S30C:S65T:S72A:N149H:M153I:I171S,S65T,65,,,position_not_covered_in_pdb
190,avGFP,S30C:S65T:S72A:N149H:M153I:I171S,S72A,72,69.0,-0.1139371395111084,ok
190,avGFP,S30C:S65T:S72A:N149H:M153I:I171S,N149H,149,146.0,-0.1825093626976013,ok
190,avGFP,S30C:S65T:S72A:N149H:M153I:I171S,M153I,153,150.0,0.3031327128410339,ok
190,avGFP,S30C:S65T:S72A:N149H:M153I:I171S,I171S,171,168.0,1.2861319780349731,ok
191,avGFP,L64M:S65T:S72A:K79R:M153I,L64M,64,61.0,1.309852957725525,ok
191,avGFP,L64M:S65T:S72A:K79R:M153I,S65T,65,,,position_not_covered_in_pdb
191,avGFP,L64M:S65T:S72A:K79R:M153I,S72A,72,69.0,-0.1139371395111084,ok
191,avGFP,L64M:S65T:S72A:K79R:M153I,K79R,79,76.0,0.0784391164779663,ok
191,avGFP,L64M:S65T:S72A:K79R:M153I,M153I,153,150.0,0.3031327128410339,ok
192,avGFP,S30C:S65T:S72A:A206V,S30C,30,27.0,-0.4607343077659607,ok
192,avGFP,S30C:S65T:S72A:A206V,S65T,65,,,position_not_covered_in_pdb
192,avGFP,S30C:S65T:S72A:A206V,S72A,72,69.0,-0.1139371395111084,ok
192,avGFP,S30C:S65T:S72A:A206V,A206V,206,203.0,-0.6377350687980652,ok
193,avGFP,S65T:S72A:Y145L:M153I,S65T,65,,,position_not_covered_in_pdb
193,avGFP,S65T:S72A:Y145L:M153I,S72A,72,69.0,-0.1139371395111084,ok
193,avGFP,S65T:S72A:Y145L:M153I,Y145L,145,142.0,0.7825641632080078,ok
193,avGFP,S65T:S72A:Y145L:M153I,M153I,153,150.0,0.3031327128410339,ok
194,avGFP,S65T:S72A:I167V:I171S:L178V:S202T,S65T,65,,,position_not_covered_in_pdb
194,avGFP,S65T:S72A:I167V:I171S:L178V:S202T,S72A,72,69.0,-0.1139371395111084,ok
194,avGFP,S65T:S72A:I167V:I171S:L178V:S202T,I167V,167,164.0,-0.0934518575668335,wt_mismatch(model=T)
194,avGFP,S65T:S72A:I167V:I171S:L178V:S202T,I171S,171,168.0,1.2861319780349731,ok
194,avGFP,S65T:S72A:I167V:I171S:L178V:S202T,L178V,178,175.0,-0.3163850307464599,ok
194,avGFP,S65T:S72A:I167V:I171S:L178V:S202T,S202T,202,199.0,-0.0239624977111816,ok
195,avGFP,S65T:S72A:N105Y:L178V:S202T,S65T,65,,,position_not_covered_in_pdb
195,avGFP,S65T:S72A:N105Y:L178V:S202T,S72A,72,69.0,-0.1139371395111084,ok
195,avGFP,S65T:S72A:N105Y:L178V:S202T,N105Y,105,102.0,-0.4423732757568359,ok
195,avGFP,S65T:S72A:N105Y:L178V:S202T,L178V,178,175.0,-0.3163850307464599,ok
195,avGFP,S65T:S72A:N105Y:L178V:S202T,S202T,202,199.0,-0.0239624977111816,ok
196,avGFP,S30C:S65T:Q69H:S72A,S30C,30,27.0,-0.4607343077659607,ok
196,avGFP,S30C:S65T:Q69H:S72A,S65T,65,,,position_not_covered_in_pdb
196,avGFP,S30C:S65T:Q69H:S72A,Q69H,69,66.0,0.5694892406463623,ok
196,avGFP,S30C:S65T:Q69H:S72A,S72A,72,69.0,-0.1139371395111084,ok
197,avGFP,S30C:S65T:S72A:M153I:I167V:I171S,S30C,30,27.0,-0.4607343077659607,ok
197,avGFP,S30C:S65T:S72A:M153I:I167V:I171S,S65T,65,,,position_not_covered_in_pdb
197,avGFP,S30C:S65T:S72A:M153I:I167V:I171S,S72A,72,69.0,-0.1139371395111084,ok
197,avGFP,S30C:S65T:S72A:M153I:I167V:I171S,M153I,153,150.0,0.3031327128410339,ok
197,avGFP,S30C:S65T:S72A:M153I:I167V:I171S,I167V,167,164.0,-0.0934518575668335,wt_mismatch(model=T)
197,avGFP,S30C:S65T:S72A:M153I:I167V:I171S,I171S,171,168.0,1.2861319780349731,ok
198,avGFP,Y39N:S65T:Q69H:S72A:N105Y,Y39N,39,36.0,0.3181899785995483,ok
198,avGFP,Y39N:S65T:Q69H:S72A:N105Y,S65T,65,,,position_not_covered_in_pdb
198,avGFP,Y39N:S65T:Q69H:S72A:N105Y,Q69H,69,66.0,0.5694892406463623,ok
198,avGFP,Y39N:S65T:Q69H:S72A:N105Y,S72A,72,69.0,-0.1139371395111084,ok
198,avGFP,Y39N:S65T:Q69H:S72A:N105Y,N105Y,105,102.0,-0.4423732757568359,ok
199,avGFP,L64M:S65T:S72A:K79R:M153I:I167V,L64M,64,61.0,1.309852957725525,ok
199,avGFP,L64M:S65T:S72A:K79R:M153I:I167V,S65T,65,,,position_not_covered_in_pdb
199,avGFP,L64M:S65T:S72A:K79R:M153I:I167V,S72A,72,69.0,-0.1139371395111084,ok
199,avGFP,L64M:S65T:S72A:K79R:M153I:I167V,K79R,79,76.0,0.0784391164779663,ok
199,avGFP,L64M:S65T:S72A:K79R:M153I:I167V,M153I,153,150.0,0.3031327128410339,ok
199,avGFP,L64M:S65T:S72A:K79R:M153I:I167V,I167V,167,164.0,-0.0934518575668335,wt_mismatch(model=T)
200,avGFP,S65T:S72A:N105Y:N149H:L178V,S65T,65,,,position_not_covered_in_pdb
200,avGFP,S65T:S72A:N105Y:N149H:L178V,S72A,72,69.0,-0.1139371395111084,ok
200,avGFP,S65T:S72A:N105Y:N149H:L178V,N105Y,105,102.0,-0.4423732757568359,ok
200,avGFP,S65T:S72A:N105Y:N149H:L178V,N149H,149,146.0,-0.1825093626976013,ok
200,avGFP,S65T:S72A:N105Y:N149H:L178V,L178V,178,175.0,-0.3163850307464599,ok
