replace_seq_id,replace_mutations,replace_ddG_sum,candidate_id,candidate_parent,candidate_mutations,candidate_ddG_sum,candidate_ratio,candidate_combo_rank
4,F46L:K158G:V163A,4.300521016120911,23,avGFP,S65T:S72A:V93F:L178V:A206V,-0.524650514125824,0.8983821315912854,3
4,F46L:K158G:V163A,4.300521016120911,21,avGFP,S65T:S72A:K79R:N105Y:I167V,-0.47787129878997797,0.9067387308555632,5
4,F46L:K158G:V163A,4.300521016120911,8,avGFP,S65T:S72A:N105Y:Y145L:L178V,-0.09013128280639643,1.0272887943017104,7
2,S65T:S72A:Q80R:N105K:V163A,1.3754874467849731,23,avGFP,S65T:S72A:V93F:L178V:A206V,-0.524650514125824,0.8983821315912854,3
2,S65T:S72A:Q80R:N105K:V163A,1.3754874467849731,21,avGFP,S65T:S72A:K79R:N105Y:I167V,-0.47787129878997797,0.9067387308555632,5
2,S65T:S72A:Q80R:N105K:V163A,1.3754874467849731,8,avGFP,S65T:S72A:N105Y:Y145L:L178V,-0.09013128280639643,1.0272887943017104,7
6,K158G:A206K,1.0517337322235107,23,avGFP,S65T:S72A:V93F:L178V:A206V,-0.524650514125824,0.8983821315912854,3
6,K158G:A206K,1.0517337322235107,21,avGFP,S65T:S72A:K79R:N105Y:I167V,-0.47787129878997797,0.9067387308555632,5
6,K158G:A206K,1.0517337322235107,8,avGFP,S65T:S72A:N105Y:Y145L:L178V,-0.09013128280639643,1.0272887943017104,7
