winner_idx,year,label,parent,mutations_vs_parent,n_mut_total,n_mut_scored,n_mut_missing,ddG_sum_additive,ddG_mean,ddG_max_single,hamming_to_parent,stability_rank,pred_log10,ratio_to_avGFP_WT
15,2025,winner_15,avGFP,S30R:S65C:S72A:K79R:N105K:N149K,6,5,1,-1.0296506881713867,-0.20593013763427734,0.0784391164779663,6,1,2.39978710840574,0.0619733902755237
12,2025,winner_12,avGFP,S65T:Q69L:S72A:N164Y:A206K:H231L,6,5,1,-0.8198500871658325,-0.1639700174331665,0.1081678867340087,6,2,2.171400528425374,0.0366284612982979
13,2025,winner_13,avGFP,S65T:S72A:N149K:M153T:I167T:H231L,6,4,2,-0.22802948951721186,-0.057007372379302965,0.3312276601791382,6,3,2.138139875741377,0.0339279814781749
17,2025,winner_17,avGFP,Q69M,1,1,0,-0.1666343212127685,-0.1666343212127685,-0.1666343212127685,1,4,3.66946042849998,1.153130807619132
1,2024,winner_01,avGFP,S65C:S72A:K79R:N105K,4,3,1,-0.0844268798828125,-0.028142293294270832,0.0784391164779663,4,5,3.345579009662195,0.5470123811012658
16,2025,winner_16,avGFP,S30R:Y39N:S65T:I171V,4,3,1,-0.03384882211685189,-0.011282940705617297,0.3181899785995483,4,6,3.508365128186691,0.7957621435710011
18,2025,winner_18,avGFP,S30Q:S65T,2,1,1,0.0367882251739501,0.0367882251739501,0.0367882251739501,2,7,3.5767067106814783,0.9313756024054746
0,2024,winner_00,avGFP,V68I:T203I,2,2,0,0.10386431217193601,0.051932156085968004,0.1468555927276611,2,8,3.450686336293919,0.6967941292398839
2,2024,winner_02,avGFP,I47V:Q69K:S72A:V93I:N105Q,5,5,0,0.8428127765655518,0.16856255531311035,0.7017607688903809,5,9,3.422410709080326,0.6528732213837863
3,2024,winner_03,avGFP,Y39L:V61I:T63S:S65A:S72A:Q80R,6,4,2,0.8582968115806578,0.21457420289516446,0.4972766041755676,6,10,2.2700272131344383,0.0459669152165204
19,2025,winner_19,avGFP,T38S:S65T:R73H:Q80R:N105T,5,3,2,1.449032723903656,0.4830109079678853,1.32527756690979,5,11,3.3725689347081964,0.5820859025903
7,2024,winner_07,avGFP,S65T:V163A,2,1,1,1.538353443145752,1.538353443145752,1.538353443145752,2,12,3.687830020660696,1.2029516364418122
11,2025,winner_11,avGFP,S30R:Y39N:S65T:V163A:S202D:A206V,6,5,1,1.6528084874153137,0.33056169748306274,1.538353443145752,6,13,2.754912010318868,0.1403880549275608
8,2024,winner_08,avGFP,L64M:Y151H:I167T:L178V,4,3,1,1.7878767251968384,0.5959589083989462,1.309852957725525,4,14,2.5270877663042826,0.083081803022575
6,2024,winner_06,avGFP,L64F:S72A:Q80R:T203I,4,3,1,1.9679795503616333,0.6559931834538778,2.124907970428467,4,15,2.768873003933278,0.1449743434280065
5,2024,winner_05,avGFP,L64F:S65G:S72A:Q80R,4,2,2,2.0109708309173584,1.0054854154586792,2.124907970428467,4,16,2.835897661564665,0.1691670625451989
4,2024,winner_04,avGFP,L64F:S65G:S72A:Q80R:T203Y,5,3,2,2.279272675514221,0.7597575585047404,2.124907970428467,5,17,2.0422419339171,0.0272057110126528
9,2024,winner_09,avGFP,N105S:K158G:V163A:I171V:T203Y,5,5,0,3.0408111214637756,0.6081622242927551,1.538353443145752,5,18,2.4093316915341787,0.0633504695440763
10,2025,winner_10,avGFP,S65T:Q69L:S147P:V163A:N164Y:S202D,6,5,1,3.3802255392074585,0.6760451078414917,1.538353443145752,6,19,2.2695148251994675,0.0459127146563968
14,2025,winner_14,avGFP,S65T:F99S:S147P:M153T:V163A:S202D,6,5,1,5.024361312389374,1.0048722624778748,1.538353443145752,6,20,2.104023924371348,0.0313647673870409
