winner_idx,year,parent,mutation,position_with_M,position_0based,ddG_pred,status
0,2024,avGFP,V68I,68,65.0,0.1468555927276611,ok
0,2024,avGFP,T203I,203,200.0,-0.0429912805557251,ok
1,2024,avGFP,S65C,65,,,position_not_covered_in_pdb
1,2024,avGFP,S72A,72,69.0,-0.1139371395111084,ok
1,2024,avGFP,K79R,79,76.0,0.0784391164779663,ok
1,2024,avGFP,N105K,105,102.0,-0.0489288568496704,ok
2,2024,avGFP,I47V,47,44.0,0.3075064420700073,ok
2,2024,avGFP,Q69K,69,66.0,0.7017607688903809,ok
2,2024,avGFP,S72A,72,69.0,-0.1139371395111084,ok
2,2024,avGFP,V93I,93,90.0,0.0777984857559204,ok
2,2024,avGFP,N105Q,105,102.0,-0.1303157806396484,ok
3,2024,avGFP,Y39L,39,36.0,0.3664389848709106,ok
3,2024,avGFP,V61I,61,58.0,0.108518362045288,ok
3,2024,avGFP,T63S,63,60.0,0.4972766041755676,ok
3,2024,avGFP,S65A,65,,,position_not_covered_in_pdb
3,2024,avGFP,S72A,72,69.0,-0.1139371395111084,ok
3,2024,avGFP,Q80R,80,77.0,0.0,wt_mismatch(model=R)
4,2024,avGFP,L64F,64,61.0,2.124907970428467,ok
4,2024,avGFP,S65G,65,,,position_not_covered_in_pdb
4,2024,avGFP,S72A,72,69.0,-0.1139371395111084,ok
4,2024,avGFP,Q80R,80,77.0,0.0,wt_mismatch(model=R)
4,2024,avGFP,T203Y,203,200.0,0.2683018445968628,ok
5,2024,avGFP,L64F,64,61.0,2.124907970428467,ok
5,2024,avGFP,S65G,65,,,position_not_covered_in_pdb
5,2024,avGFP,S72A,72,69.0,-0.1139371395111084,ok
5,2024,avGFP,Q80R,80,77.0,0.0,wt_mismatch(model=R)
6,2024,avGFP,L64F,64,61.0,2.124907970428467,ok
6,2024,avGFP,S72A,72,69.0,-0.1139371395111084,ok
6,2024,avGFP,Q80R,80,77.0,0.0,wt_mismatch(model=R)
6,2024,avGFP,T203I,203,200.0,-0.0429912805557251,ok
7,2024,avGFP,S65T,65,,,position_not_covered_in_pdb
7,2024,avGFP,V163A,163,160.0,1.538353443145752,ok
8,2024,avGFP,L64M,64,61.0,1.309852957725525,ok
8,2024,avGFP,Y151H,151,148.0,0.7944087982177734,ok
8,2024,avGFP,I167T,167,164.0,0.0,wt_mismatch(model=T)
8,2024,avGFP,L178V,178,175.0,-0.3163850307464599,ok
9,2024,avGFP,N105S,105,102.0,-0.1201792359352111,ok
9,2024,avGFP,K158G,158,155.0,1.1809521913528442,ok
9,2024,avGFP,V163A,163,160.0,1.538353443145752,ok
9,2024,avGFP,I171V,171,168.0,0.1733828783035278,ok
9,2024,avGFP,T203Y,203,200.0,0.2683018445968628,ok
10,2025,avGFP,S65T,65,,,position_not_covered_in_pdb
10,2025,avGFP,Q69L,69,66.0,0.1081678867340087,ok
10,2025,avGFP,S147P,147,144.0,1.3620612621307373,ok
10,2025,avGFP,V163A,163,160.0,1.538353443145752,ok
10,2025,avGFP,N164Y,164,161.0,-0.5877788662910461,ok
10,2025,avGFP,S202D,202,199.0,0.9594218134880066,ok
11,2025,avGFP,S30R,30,27.0,-0.525421679019928,ok
11,2025,avGFP,Y39N,39,36.0,0.3181899785995483,ok
11,2025,avGFP,S65T,65,,,position_not_covered_in_pdb
11,2025,avGFP,V163A,163,160.0,1.538353443145752,ok
11,2025,avGFP,S202D,202,199.0,0.9594218134880066,ok
11,2025,avGFP,A206V,206,203.0,-0.6377350687980652,ok
12,2025,avGFP,S65T,65,,,position_not_covered_in_pdb
12,2025,avGFP,Q69L,69,66.0,0.1081678867340087,ok
12,2025,avGFP,S72A,72,69.0,-0.1139371395111084,ok
12,2025,avGFP,N164Y,164,161.0,-0.5877788662910461,ok
12,2025,avGFP,A206K,206,203.0,-0.2007840871810913,ok
12,2025,avGFP,H231L,231,228.0,-0.0255178809165954,ok
13,2025,avGFP,S65T,65,,,position_not_covered_in_pdb
13,2025,avGFP,S72A,72,69.0,-0.1139371395111084,ok
13,2025,avGFP,N149K,149,146.0,-0.4198021292686462,ok
13,2025,avGFP,M153T,153,150.0,0.3312276601791382,ok
13,2025,avGFP,I167T,167,164.0,0.0,wt_mismatch(model=T)
13,2025,avGFP,H231L,231,228.0,-0.0255178809165954,ok
14,2025,avGFP,S65T,65,,,position_not_covered_in_pdb
14,2025,avGFP,F99S,99,96.0,0.8332971334457397,ok
14,2025,avGFP,S147P,147,144.0,1.3620612621307373,ok
14,2025,avGFP,M153T,153,150.0,0.3312276601791382,ok
14,2025,avGFP,V163A,163,160.0,1.538353443145752,ok
14,2025,avGFP,S202D,202,199.0,0.9594218134880066,ok
15,2025,avGFP,S30R,30,27.0,-0.525421679019928,ok
15,2025,avGFP,S65C,65,,,position_not_covered_in_pdb
15,2025,avGFP,S72A,72,69.0,-0.1139371395111084,ok
15,2025,avGFP,K79R,79,76.0,0.0784391164779663,ok
15,2025,avGFP,N105K,105,102.0,-0.0489288568496704,ok
15,2025,avGFP,N149K,149,146.0,-0.4198021292686462,ok
16,2025,avGFP,S30R,30,27.0,-0.525421679019928,ok
16,2025,avGFP,Y39N,39,36.0,0.3181899785995483,ok
16,2025,avGFP,S65T,65,,,position_not_covered_in_pdb
16,2025,avGFP,I171V,171,168.0,0.1733828783035278,ok
17,2025,avGFP,Q69M,69,66.0,-0.1666343212127685,ok
18,2025,avGFP,S30Q,30,27.0,0.0367882251739501,ok
18,2025,avGFP,S65T,65,,,position_not_covered_in_pdb
19,2025,avGFP,T38S,38,35.0,0.4511224031448364,ok
19,2025,avGFP,S65T,65,,,position_not_covered_in_pdb
19,2025,avGFP,R73H,73,70.0,1.32527756690979,ok
19,2025,avGFP,Q80R,80,77.0,0.0,wt_mismatch(model=R)
19,2025,avGFP,N105T,105,102.0,-0.3273672461509704,ok
