pos,wt_aa,n_mutants_seen,n_substitutions,mean_ratio,median_ratio,max_ratio,min_ratio,n_lethal,n_red_line,n_tolerant,n_boost,n_super,best_substitution,best_ratio,lethal_rate,tolerant_rate,boost_rate,reason
17,E,3,3,0.004795653385677304,0.004956117875316779,0.0056130088116154876,0.003817833470099646,3,3,0,0,0,P,0.0056130088116154876,1.0,0.0,0.0,lethal_rate>0.5 OR no tolerant mutations seen (n>=3)
19,D,1,1,0.003817844247741628,0.003817844247741628,0.003817844247741628,0.003817844247741628,1,1,0,0,0,D,0.003817844247741628,1.0,0.0,0.0,lethal_rate>0.5 OR no tolerant mutations seen (n>=3)
28,S,3,3,0.21550523367968263,0.2858924747323005,0.356802741807246,0.0038204844995012696,1,2,0,0,0,M,0.356802741807246,0.3333333333333333,0.0,0.0,lethal_rate>0.5 OR no tolerant mutations seen (n>=3)
30,S,1,1,0.004314961359902986,0.004314961359902986,0.004314961359902986,0.004314961359902986,1,1,0,0,0,V,0.004314961359902986,1.0,0.0,0.0,lethal_rate>0.5 OR no tolerant mutations seen (n>=3)
32,E,3,3,0.004521533622074837,0.003817841628050974,0.005928917988131471,0.003817841250042068,3,3,0,0,0,D,0.005928917988131471,1.0,0.0,0.0,lethal_rate>0.5 OR no tolerant mutations seen (n>=3)
34,E,3,3,0.17472821008239361,0.22059771367476186,0.299769075128977,0.0038178414434419687,1,3,0,0,0,C,0.299769075128977,0.3333333333333333,0.0,0.0,lethal_rate>0.5 OR no tolerant mutations seen (n>=3)
50,T,3,3,0.2896269245382405,0.3143013294315718,0.4017582799265012,0.1528211642566485,0,1,0,0,0,D,0.4017582799265012,0.0,0.0,0.0,lethal_rate>0.5 OR no tolerant mutations seen (n>=3)
56,P,1,1,0.003820466386540444,0.003820466386540444,0.003820466386540444,0.003820466386540444,1,1,0,0,0,R,0.003820466386540444,1.0,0.0,0.0,lethal_rate>0.5 OR no tolerant mutations seen (n>=3)
59,T,4,4,0.20933408838843007,0.008252699573073813,0.8144242901692573,0.006406664238315412,3,3,1,0,0,I,0.8144242901692573,0.75,0.25,0.0,lethal_rate>0.5 OR no tolerant mutations seen (n>=3)
65,S,3,3,0.003811738224594976,0.0038178457509877475,0.0038178483882630745,0.0037995205345341056,3,3,0,0,0,N,0.0038178483882630745,1.0,0.0,0.0,lethal_rate>0.5 OR no tolerant mutations seen (n>=3)
66,Y,4,4,0.0041104784061560705,0.003820115263246971,0.004985503195998112,0.0038161799021322286,4,4,0,0,0,C,0.004985503195998112,1.0,0.0,0.0,lethal_rate>0.5 OR no tolerant mutations seen (n>=3)
84,F,4,4,0.2548203974711557,0.29871505950367416,0.4107246923686788,0.011126778508595588,1,2,0,0,0,M,0.4107246923686788,0.25,0.0,0.0,lethal_rate>0.5 OR no tolerant mutations seen (n>=3)
90,E,2,2,0.00411419239882022,0.00411419239882022,0.004410536708268662,0.003817848089371778,2,2,0,0,0,S,0.004410536708268662,1.0,0.0,0.0,lethal_rate>0.5 OR no tolerant mutations seen (n>=3)
93,V,4,4,0.1603084416862221,0.1559294769701782,0.3243280127276897,0.005046800076842312,2,2,0,0,0,H,0.3243280127276897,0.5,0.0,0.0,lethal_rate>0.5 OR no tolerant mutations seen (n>=3)
95,E,3,3,0.004967472907207153,0.003818148864968233,0.007266422751864373,0.0038178471047888543,3,3,0,0,0,C,0.007266422751864373,1.0,0.0,0.0,lethal_rate>0.5 OR no tolerant mutations seen (n>=3)
124,E,3,3,0.00437785533782139,0.003866412204476842,0.005422402840544121,0.0038447509684432055,3,3,0,0,0,R,0.005422402840544121,1.0,0.0,0.0,lethal_rate>0.5 OR no tolerant mutations seen (n>=3)
182,Y,2,2,0.004962420890426124,0.004962420890426124,0.005286215064473214,0.004638626716379034,2,2,0,0,0,L,0.005286215064473214,1.0,0.0,0.0,lethal_rate>0.5 OR no tolerant mutations seen (n>=3)
216,D,5,5,0.13417800927160323,0.006190514426173308,0.6504323990368108,0.0038178411885057386,4,4,1,0,0,N,0.6504323990368108,0.8,0.2,0.0,lethal_rate>0.5 OR no tolerant mutations seen (n>=3)
